Products — Final Business Master,Unnamed: 1,Unnamed: 2,Unnamed: 3,Unnamed: 4,Unnamed: 5,Unnamed: 6,Unnamed: 7,Unnamed: 8,Unnamed: 9,Unnamed: 10,Unnamed: 11,Unnamed: 12,Unnamed: 13
"Final values only • Filterable catalogue • Profit, margin and markup are formula-driven",,,,,,,,,,,,,
,,,,,,,,,,,,,
SKU,Product Name,Category,Sales Type,Unit of Measure,Pack Quantity,Currency,Wholesale Price,Buying Price,Profit,Profit Margin %,Markup %,Active,Source Key
RS-000001,JAHAZ (6 PCS),BALL POINT,Wholesale,Pack,6,PKR,390,355,35,0.08974358974358974,0.09859154929577464,True,WS-RATES:1:2
RS-000002,WELCOME BABY DISPLAY,CHINA DAIRIES,Wholesale,Piece,,PKR,200,172,28,0.14,0.16279069767441862,True,WS-RATES:1:3
RS-000003,MINI FAN 0+,CHINA,Wholesale,Piece,,PKR,300,250,50,0.16666666666666666,0.2,True,WS-RATES:1:4
RS-000004,TT FILE LEAGAL CHUNYI,CHINA,Wholesale,Piece,,PKR,720,680,40,0.05555555555555555,0.058823529411764705,True,WS-RATES:1:5
RS-000005,PIANO PEN 92.97,Fountain pen,Wholesale,Piece,,PKR,760,722,38,0.05,0.05263157894736842,True,WS-RATES:1:6
RS-000006,METAL CAR 12PC SMALL,CHINA DAIRIES,Wholesale,Pack,12,PKR,360,320,40,0.1111111111111111,0.125,True,WS-RATES:1:7
RS-000007,SHADI LIFAFA A+,CHINA,Wholesale,Piece,,PKR,130,115,15,0.11538461538461539,0.13043478260869565,True,WS-RATES:1:8
RS-000008,SCOTCH TAPE 1 INCH 90 YD SUPE,TAPE,Wholesale,Piece,,PKR,100,75,25,0.25,0.3333333333333333,True,WS-RATES:1:9
RS-000009,SCOTCH 1 INCH 50 YD TICO,TAPE,Wholesale,Piece,,PKR,75,63,12,0.16,0.19047619047619047,True,WS-RATES:1:10
RS-000010,DL STAPLER DL0280,STAPLERS,Wholesale,Piece,,PKR,380,345,35,0.09210526315789473,0.10144927536231885,True,WS-RATES:1:11
RS-000011,CLIP BOARD LASANI A (1PCS),CLIP BOARD,Individual,Piece,1,PKR,40,34,6,0.15,0.17647058823529413,True,WS-RATES:1:12
RS-000012,CLIP BOARD 709,CLIP BOARD,Wholesale,Piece,,PKR,63,54,9,0.14285714285714285,0.16666666666666666,True,WS-RATES:1:13
RS-000013,TUK TUK 1PC,CHINA,Individual,Piece,1,PKR,20,15,5,0.25,0.3333333333333333,True,WS-RATES:1:14
RS-000014,LUDO GOTI BOX (LARGE)`,LUDO DANA + GOTI,Wholesale,Box,,PKR,40,35,5,0.125,0.14285714285714285,True,WS-RATES:1:15
RS-000015,PHOTO ENVELOPE (WHITE),CHINA,Wholesale,Piece,,PKR,90,80,10,0.1111111111111111,0.125,True,WS-RATES:1:16
RS-000016,ORO TRIMETAL JAR 24pcs,PENCILS,Wholesale,Rim,24,PKR,390,360,30,0.07692307692307693,0.08333333333333333,True,WS-RATES:1:17
RS-000017,ARM SLEEVES,CHINA,Wholesale,Piece,,PKR,120,90,30,0.25,0.3333333333333333,True,WS-RATES:1:18
RS-000018,WOODEN BAT (MINI),BAT,Wholesale,Piece,,PKR,190,175,15,0.07894736842105263,0.08571428571428572,True,WS-RATES:1:19
RS-000019,MERCURY HIGHLIGHTER JAR (36P),HIGHLIGHTER,Wholesale,Jar,36,PKR,1620,1571,49,0.030246913580246913,0.031190324633991087,True,WS-RATES:1:20
RS-000020,DOUBLE TAPE FOAM (TICO),TAPE,Wholesale,Piece,,PKR,55,42,13,0.23636363636363636,0.30952380952380953,True,WS-RATES:1:21
RS-000021,STAMP PAD MILAN LARGE,CHINA,Wholesale,Piece,,PKR,105,92,13,0.12380952380952381,0.14130434782608695,True,WS-RATES:1:22
RS-000022,TAPE DISPENSER SONEX,CHINA,Wholesale,Piece,,PKR,250,235,15,0.06,0.06382978723404255,True,WS-RATES:1:23
RS-000023,MINI FAN NO:12,BALL POINT,Wholesale,Piece,,PKR,480,400,80,0.16666666666666666,0.2,True,WS-RATES:1:24
RS-000024,GATTA KHATA COPY 68G NO 2,GATTA REGISTER,Wholesale,Piece,,PKR,130,110,20,0.15384615384615385,0.18181818181818182,True,WS-RATES:1:25
RS-000025,GATTA KHATA COPY 68G NO 3,GATTA REGISTER,Wholesale,Piece,,PKR,160,140,20,0.125,0.14285714285714285,True,WS-RATES:1:26
RS-000026,760 NUM IMP A4 RING REGISTER,REGISTERS,Wholesale,Piece,,PKR,380,340,40,0.10526315789473684,0.11764705882352941,True,WS-RATES:1:27
RS-000027,QURAN PAK 381M,SIPARA,Wholesale,Piece,,PKR,480,435,45,0.09375,0.10344827586206896,True,WS-RATES:1:28
RS-000028,SIPARA 292 TAJWEEDI,SIPARA,Wholesale,Piece,,PKR,140,127,13,0.09285714285714286,0.10236220472440945,True,WS-RATES:1:29
RS-000029,MASK POUCH WHITE+BLUE,POUCH,Wholesale,Piece,,PKR,105,85,20,0.19047619047619047,0.23529411764705882,True,WS-RATES:1:30
RS-000030,TRANSPARENT BAG SMALL(1PC),BAGS,Individual,Piece,1,PKR,80,70,10,0.125,0.14285714285714285,True,WS-RATES:1:31
RS-000031,TRANSPARENT BAG MEDIUM(1PC),BAGS,Individual,Piece,1,PKR,100,90,10,0.1,0.1111111111111111,True,WS-RATES:1:32
RS-000032,TRANSPARENT BAG LARGE(1PC),BAGS,Individual,Piece,1,PKR,140,125,15,0.10714285714285714,0.12,True,WS-RATES:1:33
RS-000033,440 NUMBER ROUGH REGISTER,REGISTERS,Wholesale,Piece,,PKR,220,200,20,0.09090909090909091,0.1,True,WS-RATES:1:34
RS-000034,MERCURY ACRYLIC BRUSH MARKE,BRUSHES,Wholesale,Piece,,PKR,384,372,12,0.03125,0.03225806451612903,True,WS-RATES:1:35
RS-000035,MERCURY TWINKLE TOPER JAR,PENCILS,Wholesale,Jar,,PKR,595,556,39,0.06554621848739496,0.07014388489208633,True,WS-RATES:1:36
RS-000036,CALCULATOR ECO-001,SHOP CALCULATOR,Wholesale,Piece,,PKR,680,590,90,0.1323529411764706,0.15254237288135594,True,WS-RATES:1:37
RS-000037,TRANSPARENT BAG LARGE,BAGS,Wholesale,Piece,,PKR,1680,1380,300,0.17857142857142858,0.21739130434782608,True,WS-RATES:2:2
RS-000038,TRANSPARENT BAG MEDIUM,BAGS,Wholesale,Piece,,PKR,1200,970,230,0.19166666666666668,0.23711340206185566,True,WS-RATES:2:3
RS-000039,TRANSPARENT BAG SMALL,BAGS,Wholesale,Piece,,PKR,960,720,240,0.25,0.3333333333333333,True,WS-RATES:2:4
RS-000040,SWIMMING NOSE CLIP,CHINA,Wholesale,Piece,,PKR,160,135,25,0.15625,0.18518518518518517,True,WS-RATES:2:5
RS-000041,SWIMMING GOGGLES SET,CHINA,Wholesale,Set,,PKR,220,185,35,0.1590909090909091,0.1891891891891892,True,WS-RATES:2:6
RS-000042,BORIC POWDER,CHINA,Wholesale,Piece,,PKR,50,40,10,0.2,0.25,True,WS-RATES:2:7
RS-000043,CALCULATOR CT-837S,SCIENTIFIC CALCULAT,Wholesale,Piece,,PKR,500,430,70,0.14,0.16279069767441862,True,WS-RATES:2:8
RS-000044,CASIO MJ-220D,SCIENTIFIC CALCULAT,Wholesale,Piece,,PKR,580,490,90,0.15517241379310345,0.1836734693877551,True,WS-RATES:2:9
RS-000045,ORO GRANITE PENCIL,PENCILS,Wholesale,Piece,,PKR,192,185,7,0.036458333333333336,0.03783783783783784,True,WS-RATES:2:10
RS-000046,NANO TAPE SMALL,SCOTCH TAPE,Wholesale,Piece,,PKR,100,90,10,0.1,0.1111111111111111,True,WS-RATES:2:11
RS-000047,BUTTER PAPER 1PC,NEW LIFE,Individual,Piece,1,PKR,6.25,5,1.25,0.2,0.25,True,WS-RATES:2:12
RS-000048,400 NUMBER ROUGH REGISTER,REGISTERS,Wholesale,Piece,,PKR,200,180,20,0.1,0.1111111111111111,True,WS-RATES:2:13
RS-000049,UNO CARD,CHINA DAIRIES,Wholesale,Piece,,PKR,230,200,30,0.13043478260869565,0.15,True,WS-RATES:2:14
RS-000050,MINI FAN NO:0,BALL POINT,Wholesale,Piece,,PKR,350,330,20,0.05714285714285714,0.06060606060606061,True,WS-RATES:2:15
RS-000051,NAFEES GUM 145 GRAM,GUM STICK,Wholesale,Piece,,PKR,47,44,3,0.06382978723404255,0.06818181818181818,True,WS-RATES:2:16
RS-000052,CARROM STRIKER,CHINA DAIRIES,Wholesale,Piece,,PKR,60,42,18,0.3,0.42857142857142855,True,WS-RATES:2:17
RS-000053,DAIRY A5 9036,CHINA DAIRIES,Wholesale,Piece,,PKR,290,250,40,0.13793103448275862,0.16,True,WS-RATES:2:18
RS-000054,MASTER 709 POINTER,POINTER,Wholesale,Piece,,PKR,118,109,9,0.07627118644067797,0.08256880733944955,True,WS-RATES:2:19
RS-000055,MASTER 1090 REMOVER,REMOVERS,Wholesale,Piece,,PKR,160,145,15,0.09375,0.10344827586206896,True,WS-RATES:2:20
RS-000056,MASTER 990 BALL POINT,BALL POINT,Wholesale,Piece,,PKR,118,104,14,0.11864406779661017,0.1346153846153846,True,WS-RATES:2:21
RS-000057,MASTER 909 BALL POINT,BALL POINT,Wholesale,Piece,,PKR,95,88,7,0.07368421052631578,0.07954545454545454,True,WS-RATES:2:22
RS-000058,CLARO NOVOO MOVE BALL PEN,POINTER,Wholesale,Piece,,PKR,150,135,15,0.1,0.1111111111111111,True,WS-RATES:2:23
RS-000059,CLARO FUN ST 10,POINTER,Wholesale,Piece,,PKR,105,94,11,0.10476190476190476,0.11702127659574468,True,WS-RATES:2:24
RS-000060,CLARO FUN MARKER,POINTER,Wholesale,Piece,,PKR,99,89,10,0.10101010101010101,0.11235955056179775,True,WS-RATES:2:25
RS-000061,HAND FAN BULBULA,CHINA,Wholesale,Piece,,PKR,190,186,4,0.021052631578947368,0.021505376344086023,True,WS-RATES:2:26
RS-000062,MASTER ELFI 20 GRAM,CHINA DAIRIES,Wholesale,Piece,,PKR,105,96,9,0.08571428571428572,0.09375,True,WS-RATES:2:27
RS-000063,G/F SHINY PENCIL,PENCILS,Wholesale,Piece,,PKR,176,163,13,0.07386363636363637,0.07975460122699386,True,WS-RATES:2:28
RS-000064,SILVER X WATER DAMPER,CHINA,Wholesale,Piece,,PKR,50,43,7,0.14,0.16279069767441862,True,WS-RATES:2:29
RS-000065,TOKO WATER DAMPER,CHINA,Wholesale,Piece,,PKR,120,102,18,0.15,0.17647058823529413,True,WS-RATES:2:30
RS-000066,CALCULATOR DJ-9300G,SHOP CALCULATOR,Wholesale,Piece,,PKR,900,790,110,0.12222222222222222,0.13924050632911392,True,WS-RATES:2:31
RS-000067,NEW DUX PENCIL 888,PENCILS,Wholesale,Piece,,PKR,175,169,6,0.03428571428571429,0.03550295857988166,True,WS-RATES:2:32
RS-000068,IMP REGISTER USAMA LARGE,REGISTERS,Wholesale,Piece,,PKR,390,360,30,0.07692307692307693,0.08333333333333333,True,WS-RATES:2:33
RS-000069,LUDO GOTI SMALL (BOX),LUDO DANA + GOTI,Wholesale,Box,,PKR,15,10,5,0.3333333333333333,0.5,True,WS-RATES:2:34
RS-000070,HARD BOARD LUDO MEDIUM,LUDO,Wholesale,Piece,,PKR,320,280,40,0.125,0.14285714285714285,True,WS-RATES:2:35
RS-000071,CHAMKI BALL (1 PC),BALL,Individual,Piece,1,PKR,37,33,4,0.10810810810810811,0.12121212121212122,True,WS-RATES:2:36
RS-000072,CHAMKI BALL (12 PC),BALL,Wholesale,Pack,12,PKR,444,380,64,0.14414414414414414,0.16842105263157894,True,WS-RATES:2:37
RS-000073,HAND FAN WITH PEN,BALL POINT,Wholesale,Piece,,PKR,60,55,5,0.08333333333333333,0.09090909090909091,True,WS-RATES:3:2
RS-000074,METAL CAR 12PCS PRESS,CHINA,Wholesale,Pack,12,PKR,1380,1210,170,0.12318840579710146,0.14049586776859505,True,WS-RATES:3:3
RS-000075,BEEDS BOX,CHINA,Wholesale,Box,,PKR,260,228,32,0.12307692307692308,0.14035087719298245,True,WS-RATES:3:4
RS-000076,MAGNET PATTA,CHINA,Wholesale,Piece,,PKR,410,365,45,0.10975609756097561,0.1232876712328767,True,WS-RATES:3:5
RS-000077,WATER DISPENSER,CHINA,Wholesale,Piece,,PKR,230,198,32,0.1391304347826087,0.16161616161616163,True,WS-RATES:3:6
RS-000078,METAL CAR (12PCS) MEDIUM,CHINA,Wholesale,Pack,12,PKR,492,430,62,0.12601626016260162,0.14418604651162792,True,WS-RATES:3:7
RS-000079,BOOK LIGHT,CHINA,Wholesale,Piece,,PKR,230,210,20,0.08695652173913043,0.09523809523809523,True,WS-RATES:3:8
RS-000080,800 NUMBER AWAN REGISTER,REGISTERS,Wholesale,Piece,,PKR,270,255,15,0.05555555555555555,0.058823529411764705,True,WS-RATES:3:9
RS-000081,MINI FAN NO:11,BALL POINT,Wholesale,Piece,,PKR,800,690,110,0.1375,0.15942028985507245,True,WS-RATES:3:10
RS-000082,MINI FAN NO:10,BALL POINT,Wholesale,Piece,,PKR,780,690,90,0.11538461538461539,0.13043478260869565,True,WS-RATES:3:11
RS-000083,MINI FAN NO:9,BALL POINT,Wholesale,Piece,,PKR,680,585,95,0.13970588235294118,0.1623931623931624,True,WS-RATES:3:12
RS-000084,WATER GUN LARGE,CHINA DAIRIES,Wholesale,Piece,,PKR,100,87,13,0.13,0.14942528735632185,True,WS-RATES:3:13
RS-000085,PARTY POPPER LARGE,BIRTHDAY,Wholesale,Piece,,PKR,120,95,25,0.20833333333333334,0.2631578947368421,True,WS-RATES:3:14
RS-000086,SNOW SPRAY CRAPE,BIRTHDAY,Wholesale,Piece,,PKR,165,135,30,0.18181818181818182,0.2222222222222222,True,WS-RATES:3:15
RS-000087,HAPPY ANNIVERSARY DISPLAY,CHINA DAIRIES,Wholesale,Piece,,PKR,220,185,35,0.1590909090909091,0.1891891891891892,True,WS-RATES:3:16
RS-000088,WELCOME CARD DISPLAY S,CHINA,Wholesale,Piece,,PKR,90,70,20,0.2222222222222222,0.2857142857142857,True,WS-RATES:3:17
RS-000089,WATER BOTTLE STEEL BA7 TAMLA,CHINA,Wholesale,Piece,,PKR,1850,1660,190,0.10270270270270271,0.1144578313253012,True,WS-RATES:3:18
RS-000090,WATER BOTTLE STEEL BA8 TAMLA,CHINA,Wholesale,Piece,,PKR,1950,1760,190,0.09743589743589744,0.10795454545454546,True,WS-RATES:3:19
RS-000091,WATER BOTTLE STEEL BA6 TAMLA,CHINA,Wholesale,Piece,,PKR,2150,1960,190,0.08837209302325581,0.09693877551020408,True,WS-RATES:3:20
RS-000092,WATER BOTTLE STEEL BA9 TAMLA,CHINA,Wholesale,Piece,,PKR,1980,1790,190,0.09595959595959595,0.10614525139664804,True,WS-RATES:3:21
RS-000093,WATER BOTTLE STEEL BA6,CHINA,Wholesale,Piece,,PKR,1150,1040,110,0.09565217391304348,0.10576923076923077,True,WS-RATES:3:22
RS-000094,WATER BOTTLE STEEL BA1,CHINA,Wholesale,Piece,,PKR,1100,990,110,0.1,0.1111111111111111,True,WS-RATES:3:23
RS-000095,WATER BOTTLE STEEL BA3,CHINA,Wholesale,Piece,,PKR,950,870,80,0.08421052631578947,0.09195402298850575,True,WS-RATES:3:24
RS-000096,WATER BOTTLE STEEL BA4,CHINA,Wholesale,Piece,,PKR,1100,1000,100,0.09090909090909091,0.1,True,WS-RATES:3:25
RS-000097,BALOON CARD H.B (40PCS),BALLOONS,Wholesale,Pack,40,PKR,250,215,35,0.14,0.16279069767441862,True,WS-RATES:3:26
RS-000098,BALOON CARD R3 (40PCS),BALLOONS,Wholesale,Pack,40,PKR,280,235,45,0.16071428571428573,0.19148936170212766,True,WS-RATES:3:27
RS-000099,FIRST SHARPNER (30PCS),BALL POINT,Wholesale,Pack,30,PKR,400,375,25,0.0625,0.06666666666666667,True,WS-RATES:3:28
RS-000100,FOLDING FAN CHINA,CHINA DAIRIES,Wholesale,Piece,,PKR,55,48,7,0.12727272727272726,0.14583333333333334,True,WS-RATES:3:29
RS-000101,WATER GUN SMALL,CHINA DAIRIES,Wholesale,Piece,,PKR,270,250,20,0.07407407407407407,0.08,True,WS-RATES:3:30
RS-000102,MAGNET CARD ABC-123-URDU,CHINA DAIRIES,Wholesale,Piece,,PKR,160,135,25,0.15625,0.18518518518518517,True,WS-RATES:3:31
RS-000103,METAL CAR (12PCS)LARGE,CHINA DAIRIES,Wholesale,Pack,12,PKR,1200,980,220,0.18333333333333332,0.22448979591836735,True,WS-RATES:3:32
RS-000104,METAL CAR (6PCS)LARGE,CHINA DAIRIES,Wholesale,Pack,6,PKR,600,500,100,0.16666666666666666,0.2,True,WS-RATES:3:33
RS-000105,METAL CAR (4PCS),CHINA DAIRIES,Wholesale,Pack,4,PKR,380,330,50,0.13157894736842105,0.15151515151515152,True,WS-RATES:3:34
RS-000106,METAL JEEP (12PCS),CHINA DAIRIES,Wholesale,Pack,12,PKR,1320,1170,150,0.11363636363636363,0.1282051282051282,True,WS-RATES:3:35
RS-000107,410 NUMBER ROUGH RING REGIS,REGISTERS,Wholesale,Piece,,PKR,205,182,23,0.11219512195121951,0.12637362637362637,True,WS-RATES:3:36
RS-000108,FS PENCIL BOX 2026,PENCILS,Wholesale,Box,,PKR,80,58,22,0.275,0.3793103448275862,True,WS-RATES:3:37
RS-000109,FANCY SCALE 12 INCH JAHAZ (12),PENCILS,Wholesale,Piece,,PKR,300,270,30,0.1,0.1111111111111111,True,WS-RATES:4:2
RS-000110,ORO HEAVY DUTY STAPLER NO 20,STAPLERS,Wholesale,Piece,,PKR,3800,3250,550,0.14473684210526316,0.16923076923076924,True,WS-RATES:4:3
RS-000111,MINI HAND FAN,CHINA,Wholesale,Piece,,PKR,130,95,35,0.2692307692307692,0.3684210526315789,True,WS-RATES:4:4
RS-000112,GATTA REGISTER NO:8 68G,GATTA REGISTER,Wholesale,Piece,,PKR,620,600,20,0.03225806451612903,0.03333333333333333,True,WS-RATES:4:5
RS-000113,DOLLAR BLISS JAR (20PCS),INK PEN,Wholesale,Jar,20,PKR,1208,1150,58,0.048013245033112585,0.050434782608695654,True,WS-RATES:4:6
RS-000114,MINI FAN NO:7,BALL POINT,Wholesale,Piece,,PKR,610,510,100,0.16393442622950818,0.19607843137254902,True,WS-RATES:4:7
RS-000115,MINI FAN NO:5,BALL POINT,Wholesale,Piece,,PKR,660,560,100,0.15151515151515152,0.17857142857142858,True,WS-RATES:4:8
RS-000116,MINI FAN NO:4,BALL POINT,Wholesale,Piece,,PKR,520,420,100,0.19230769230769232,0.23809523809523808,True,WS-RATES:4:9
RS-000117,SIR SYED REGISTER RING,copies,Wholesale,Piece,,PKR,180,167,13,0.07222222222222222,0.07784431137724551,True,WS-RATES:4:10
RS-000118,KITA VIZZY INK PEN FP115,FOUNTAIN INK,Wholesale,Piece,,PKR,650,605,45,0.06923076923076923,0.0743801652892562,True,WS-RATES:4:11
RS-000119,KITA ZAFIRO INK PEN FP110,FOUNTAIN INK,Wholesale,Piece,,PKR,750,705,45,0.06,0.06382978723404255,True,WS-RATES:4:12
RS-000120,KITA ADD IT INK PEN FP113,FOUNTAIN INK,Wholesale,Piece,,PKR,700,665,35,0.05,0.05263157894736842,True,WS-RATES:4:13
RS-000121,KITA TWIST GRIP INK PEN FP112,FOUNTAIN INK,Wholesale,Piece,,PKR,800,755,45,0.05625,0.059602649006622516,True,WS-RATES:4:14
RS-000122,KITA SONIC INK PEN FP104,FOUNTAIN INK,Wholesale,Piece,,PKR,750,705,45,0.06,0.06382978723404255,True,WS-RATES:4:15
RS-000123,KITA BLOOM IBK PEN FP102,FOUNTAIN INK,Wholesale,Piece,,PKR,630,605,25,0.03968253968253968,0.04132231404958678,True,WS-RATES:4:16
RS-000124,KITA DYNAMIC INK PEN FP109,FOUNTAIN INK,Wholesale,Piece,,PKR,850,805,45,0.052941176470588235,0.055900621118012424,True,WS-RATES:4:17
RS-000125,KITA CLASSICA INK PEN FP111,FOUNTAIN INK,Wholesale,Piece,,PKR,2040,1880,160,0.0784313725490196,0.0851063829787234,True,WS-RATES:4:18
RS-000126,KITA ONIQO INK PEN FP114,FOUNTAIN INK,Wholesale,Piece,,PKR,1920,1830,90,0.046875,0.04918032786885246,True,WS-RATES:4:19
RS-000127,CLARO EDGE LINER,POINTER,Wholesale,Piece,,PKR,137,127,10,0.072992700729927,0.07874015748031496,True,WS-RATES:4:20
RS-000128,MINI FAN NO:1,BALL POINT,Wholesale,Piece,,PKR,400,300,100,0.25,0.3333333333333333,True,WS-RATES:4:21
RS-000129,MINI FAN NO:2,BALL POINT,Wholesale,Piece,,PKR,440,380,60,0.13636363636363635,0.15789473684210525,True,WS-RATES:4:22
RS-000130,MINI FAN NO:8,BALL POINT,Wholesale,Piece,,PKR,680,580,100,0.14705882352941177,0.1724137931034483,True,WS-RATES:4:23
RS-000131,MINI FAN NO:6,BALL POINT,Wholesale,Piece,,PKR,630,520,110,0.1746031746031746,0.21153846153846154,True,WS-RATES:4:24
RS-000132,MINI FAN NO:3,BALL POINT,Wholesale,Piece,,PKR,540,440,100,0.18518518518518517,0.22727272727272727,True,WS-RATES:4:25
RS-000133,PIANO REMOVER SCOOL,REMOVERS,Wholesale,Piece,,PKR,200,190,10,0.05,0.05263157894736842,True,WS-RATES:4:26
RS-000134,PLASTIC BAT 0 A+,BAT,Wholesale,Piece,,PKR,140,110,30,0.21428571428571427,0.2727272727272727,True,WS-RATES:4:27
RS-000135,PIANO MATH BOX (502),GEOMATRIES,Wholesale,Box,,PKR,300,285,15,0.05,0.05263157894736842,True,WS-RATES:4:28
RS-000136,CANVAS 4X4,CANVAS BOARD,Wholesale,Piece,,PKR,55,40,15,0.2727272727272727,0.375,True,WS-RATES:4:29
RS-000137,WHITE BOARD 6X4 3/4,WHITE BOARD,Wholesale,Piece,,PKR,5040,4840,200,0.03968253968253968,0.04132231404958678,True,WS-RATES:4:30
RS-000138,WHITE BOARD 3X4 3/4,WHITE BOARD,Wholesale,Piece,,PKR,2550,2430,120,0.047058823529411764,0.04938271604938271,True,WS-RATES:4:31
RS-000139,ANDA WATER COLOUR MINI 8023,WATER COLORS,Wholesale,Piece,,PKR,70,50,20,0.2857142857142857,0.4,True,WS-RATES:4:32
RS-000140,WOODEN BAT (MLL),BAT,Wholesale,Piece,,PKR,850,800,50,0.058823529411764705,0.0625,True,WS-RATES:4:33
RS-000141,GERMAN GLUE HERO SMALL,GERMAN GLUE,Wholesale,Piece,,PKR,60,50,10,0.16666666666666666,0.2,True,WS-RATES:4:34
RS-000142,GERMAN GLUE NAFEES 175G,GERMAN GLUE,Wholesale,Piece,,PKR,90,83,7,0.07777777777777778,0.08433734939759036,True,WS-RATES:4:35
RS-000143,LUNCH BOX KIDCO,CHINA,Wholesale,Box,,PKR,320,280,40,0.125,0.14285714285714285,True,WS-RATES:4:36
RS-000144,WATER BOTTLE FLEX,CHINA,Wholesale,Piece,,PKR,245,220,25,0.10204081632653061,0.11363636363636363,True,WS-RATES:4:37
RS-000145,LUNCH BOX HUNTER,CHINA,Wholesale,Box,,PKR,245,210,35,0.14285714285714285,0.16666666666666666,True,WS-RATES:5:2
RS-000146,COLOUR PAPER 500PC,PAPER WRITE,Wholesale,Pack,500,PKR,1300,1120,180,0.13846153846153847,0.16071428571428573,True,WS-RATES:5:3
RS-000147,DL STAPLER 0220,STAPLERS,Wholesale,Piece,,PKR,160,150,10,0.0625,0.06666666666666667,True,WS-RATES:5:4
RS-000148,DL SCISSOR 3259,SCISSOR,Wholesale,Piece,,PKR,270,235,35,0.12962962962962962,0.14893617021276595,True,WS-RATES:5:5
RS-000149,ARCO PENCIL,PENCILS,Wholesale,Piece,,PKR,168,156,12,0.07142857142857142,0.07692307692307693,True,WS-RATES:5:6
RS-000150,PATTA ST 10 CHINA,MARKER,Wholesale,Piece,,PKR,50,44,6,0.12,0.13636363636363635,True,WS-RATES:5:7
RS-000151,KIDCO PRIME PENCIL BOX,pencil box,Wholesale,Rim,,PKR,85,73,12,0.1411764705882353,0.1643835616438356,True,WS-RATES:5:8
RS-000152,KIDCO PENCIL BOX K1300,pencil box,Wholesale,Box,,PKR,150,108,42,0.28,0.3888888888888889,True,WS-RATES:5:9
RS-000153,FLAMINGO GEL PEN (20PCS),GEL PEN,Wholesale,Pack,20,PKR,40,38,2,0.05,0.05263157894736842,True,WS-RATES:5:10
RS-000154,JOJO PHOTOSHEET 180G DOUBLE,CHINA DAIRIES,Wholesale,Piece,,PKR,620,580,40,0.06451612903225806,0.06896551724137931,True,WS-RATES:5:11
RS-000156,APEX GLITTER GLUE,GLITTER DUST,Wholesale,Piece,,PKR,120,103,17,0.14166666666666666,0.1650485436893204,True,WS-RATES:5:13
RS-000157,200 GRAM BALL KING,BALL,Wholesale,Piece,,PKR,290,265,25,0.08620689655172414,0.09433962264150944,True,WS-RATES:5:14
RS-000158,SHUTTLE RAFIQUE,RACKETS,Wholesale,Piece,,PKR,960,900,60,0.0625,0.06666666666666667,True,WS-RATES:5:15
RS-000159,M&G MGS 12 STAPLER,STAPLERS,Wholesale,Piece,,PKR,305,285,20,0.06557377049180328,0.07017543859649122,True,WS-RATES:5:16
RS-000160,BINDING TAPE 1.5 20 YD,BALL POINT,Wholesale,Piece,,PKR,125,108,17,0.136,0.1574074074074074,True,WS-RATES:5:17
RS-000161,AWAN REHISTER NO 60,REGISTERS,Wholesale,Piece,,PKR,220,195,25,0.11363636363636363,0.1282051282051282,True,WS-RATES:5:18
RS-000162,AWAN REGISTER NO 30,REGISTERS,Wholesale,Piece,,PKR,170,150,20,0.11764705882352941,0.13333333333333333,True,WS-RATES:5:19
RS-000163,AWAN REGISTER NO 20,REGISTERS,Wholesale,Piece,,PKR,140,122,18,0.12857142857142856,0.14754098360655737,True,WS-RATES:5:20
RS-000164,RAYS COMPASS,COMPASS,Wholesale,Piece,,PKR,72,71,1,0.013888888888888888,0.014084507042253521,True,WS-RATES:5:21
RS-000165,RUBBER BAND,BALL POINT,Wholesale,Piece,,PKR,175,155,20,0.11428571428571428,0.12903225806451613,True,WS-RATES:5:22
RS-000166,ORO ALPHA STAPLER 10 NUMBER,STAPLERS,Wholesale,Piece,,PKR,260,250,10,0.038461538461538464,0.04,True,WS-RATES:5:23
RS-000167,HANDLER STAPLER 10,BALL POINT,Wholesale,Piece,,PKR,200,180,20,0.1,0.1111111111111111,True,WS-RATES:5:24
RS-000168,POUCH 170 (1PC),POUCH,Individual,Piece,1,PKR,170,140,30,0.17647058823529413,0.21428571428571427,True,WS-RATES:5:25
RS-000169,POUCH 140 (1PC),POUCH,Individual,Piece,1,PKR,140,120,20,0.14285714285714285,0.16666666666666666,True,WS-RATES:5:26
RS-000170,POUCH 720 (12PCS),POUCH,Wholesale,Pack,12,PKR,720,650,70,0.09722222222222222,0.1076923076923077,True,WS-RATES:5:27
RS-000171,DELI HEAVY DUTY STAPLER 0396,STAPLERS,Wholesale,Piece,,PKR,5900,5450,450,0.07627118644067797,0.08256880733944955,True,WS-RATES:5:28
RS-000172,FANCY GEOMETRY ZL750,GEOMATRIES,Wholesale,Piece,,PKR,390,350,40,0.10256410256410256,0.11428571428571428,True,WS-RATES:5:29
RS-000173,FANCY GEOMETRY W770,GEOMATRIES,Wholesale,Piece,,PKR,340,300,40,0.11764705882352941,0.13333333333333333,True,WS-RATES:5:30
RS-000174,FANCY GEOMETRY BX3971,GEOMATRIES,Wholesale,Piece,,PKR,390,350,40,0.10256410256410256,0.11428571428571428,True,WS-RATES:5:31
RS-000175,FANCY GEOMETRY A1204,GEOMATRIES,Wholesale,Piece,,PKR,260,230,30,0.11538461538461539,0.13043478260869565,True,WS-RATES:5:32
RS-000176,FANCY GEOMETRY UP278,GEOMATRIES,Wholesale,Piece,,PKR,400,360,40,0.1,0.1111111111111111,True,WS-RATES:5:33
RS-000177,GIFT RIBBON (2 INCH),BALL POINT,Wholesale,Piece,,PKR,155,140,15,0.0967741935483871,0.10714285714285714,True,WS-RATES:5:34
RS-000178,GIFT RIBBON (1/2 INCH),BALL POINT,Wholesale,Piece,,PKR,45,40,5,0.1111111111111111,0.125,True,WS-RATES:5:35
RS-000179,URO POSTER COLOUR 30ML,POSTER COLORS,Wholesale,Piece,,PKR,400,365,35,0.0875,0.0958904109589041,True,WS-RATES:5:36
RS-000180,KITA CORRECTION PEN,Correction pen,Wholesale,Piece,,PKR,36,35,1,0.027777777777777776,0.02857142857142857,True,WS-RATES:5:37
RS-000181,MERCURY ARROW GEL PEN,BALL POINT,Wholesale,Piece,,PKR,220,204,16,0.07272727272727272,0.0784313725490196,True,WS-RATES:6:2
RS-000182,SHARPNER RUBBER+BRUSH,BALL POINT,Wholesale,Piece,,PKR,48,43,5,0.10416666666666667,0.11627906976744186,True,WS-RATES:6:3
RS-000183,FANCY INK PEN,BALL POINT,Wholesale,Piece,,PKR,335,298,37,0.11044776119402985,0.12416107382550336,True,WS-RATES:6:4
RS-000184,10 IN BALL PEN CRYSTAL,BALL POINT,Wholesale,Piece,,PKR,80,72,8,0.1,0.1111111111111111,True,WS-RATES:6:5
RS-000185,SONEX 12 HALF COLOUR,PENCIL COLOR,Wholesale,Piece,,PKR,70,60,10,0.14285714285714285,0.16666666666666666,True,WS-RATES:6:6
RS-000186,MERCURY GUM STICK (8G) 1PC,BALL POINT,Individual,Piece,1,PKR,34,32,2,0.058823529411764705,0.0625,True,WS-RATES:6:7
RS-000187,DOLLAR PENCIL WATER BOTTLE P,PENCILS,Wholesale,Piece,,PKR,698,664,34,0.04871060171919771,0.05120481927710843,True,WS-RATES:6:8
RS-000188,DOLLAR BP6 DUAL BALL PEN,BALL POINT,Wholesale,Piece,,PKR,378,359,19,0.05026455026455026,0.052924791086350974,True,WS-RATES:6:9
RS-000189,DOLLAR BOARD INK 100ML,BOARD INK,Wholesale,Piece,,PKR,430,408,22,0.05116279069767442,0.05392156862745098,True,WS-RATES:6:10
RS-000190,350 A4 COPY,BALL POINT,Wholesale,Piece,,PKR,175,155,20,0.11428571428571428,0.12903225806451613,True,WS-RATES:6:11
RS-000191,SONEX 6 COLOUR HALF,PENCIL COLOR,Wholesale,Piece,,PKR,35,31.5,3.5,0.1,0.1111111111111111,True,WS-RATES:6:12
RS-000192,A4 AA PAPER RIM,BALL POINT,Wholesale,Rim,,PKR,175,155,20,0.11428571428571428,0.12903225806451613,True,WS-RATES:6:13
RS-000193,FAREWELL DISPLAY,DISPLAY,Wholesale,Piece,,PKR,185,155,30,0.16216216216216217,0.1935483870967742,True,WS-RATES:6:14
RS-000194,WELCOME BABY BOY/GIRL,DISPLAY,Wholesale,Piece,,PKR,230,195,35,0.15217391304347827,0.1794871794871795,True,WS-RATES:6:15
RS-000195,SIPARA SET 215,SIPARA SET,Wholesale,Set,,PKR,3475,3160,315,0.09064748201438849,0.09968354430379747,True,WS-RATES:6:16
RS-000196,GERMAN GLUE LOCK IT 45,GERMAN GLUE,Wholesale,Piece,,PKR,45,42,3,0.06666666666666667,0.07142857142857142,True,WS-RATES:6:17
RS-000197,DUX JUMBO COLOUR PENCIL DUA,PENCIL COLOR,Wholesale,Piece,,PKR,560,544,16,0.02857142857142857,0.029411764705882353,True,WS-RATES:6:18
RS-000198,NOTE CHECKER MACHINE,CHINA,Wholesale,Piece,,PKR,1000,750,250,0.25,0.3333333333333333,True,WS-RATES:6:19
RS-000199,POUCH 680 (12PCS),POUCH,Wholesale,Pack,12,PKR,680,650,30,0.04411764705882353,0.046153846153846156,True,WS-RATES:6:20
RS-000200,BAOKE METALLIC G/S PEN 1PC,GEL PEN,Individual,Piece,1,PKR,75,70,5,0.06666666666666667,0.07142857142857142,True,WS-RATES:6:21
RS-000201,WATER PAINT COLOUR,PAINT BRUSH,Wholesale,Piece,,PKR,400,360,40,0.1,0.1111111111111111,True,WS-RATES:6:22
RS-000202,DOLLAR CORRECTION (12PCS),Correction pen,Wholesale,Pack,12,PKR,456,433,23,0.05043859649122807,0.053117782909930716,True,WS-RATES:6:23
RS-000203,ECONO CORRECTION (12PCS) BO,Correction pen,Wholesale,Pack,12,PKR,369,350,19,0.051490514905149054,0.054285714285714284,True,WS-RATES:6:24
RS-000204,SPEED 509 RACKET,RACKETS,Wholesale,Piece,,PKR,1100,880,220,0.2,0.25,True,WS-RATES:6:25
RS-000205,ORO INK PEN VELOCITY F45,INK PEN,Wholesale,Piece,,PKR,790,710,80,0.10126582278481013,0.11267605633802817,True,WS-RATES:6:26
RS-000206,ORO INK PEN IVISION F11,INK PEN,Wholesale,Piece,,PKR,750,710,40,0.05333333333333334,0.056338028169014086,True,WS-RATES:6:27
RS-000207,ORO INK PEN VERVE F99,INK PEN,Wholesale,Piece,,PKR,790,750,40,0.05063291139240506,0.05333333333333334,True,WS-RATES:6:28
RS-000208,ORO INK PEN ORBIT F47,INK PEN,Wholesale,Piece,,PKR,850,810,40,0.047058823529411764,0.04938271604938271,True,WS-RATES:6:29
RS-000209,ORO INK PEN GALAXY F37,INK PEN,Wholesale,Piece,,PKR,750,710,40,0.05333333333333334,0.056338028169014086,True,WS-RATES:6:30
RS-000210,ORO INK PEN NEPTUNE F27,INK PEN,Wholesale,Piece,,PKR,870,830,40,0.04597701149425287,0.04819277108433735,True,WS-RATES:6:31
RS-000211,ORO INK PEN F41,INK PEN,Wholesale,Piece,,PKR,920,875,45,0.04891304347826087,0.05142857142857143,True,WS-RATES:6:32
RS-000212,NOTEBOOK SUNNY K,CHINA DAIRIES,Wholesale,Piece,,PKR,350,300,50,0.14285714285714285,0.16666666666666666,True,WS-RATES:6:33
RS-000213,M&G GUM STICK (15G),GUM STICK,Wholesale,Piece,,PKR,75,68,7,0.09333333333333334,0.10294117647058823,True,WS-RATES:6:34
RS-000214,AS GUM STICK 21 GRAM,BALL POINT,Wholesale,Piece,,PKR,95,80,15,0.15789473684210525,0.1875,True,WS-RATES:6:35
RS-000215,AS GUM STICK 9GM,GUM STICK,Wholesale,Piece,,PKR,39,35.5,3.5,0.08974358974358974,0.09859154929577464,True,WS-RATES:6:36
RS-000216,ORO TANGO STAPLER NO 24/6,STAPLERS,Wholesale,Piece,,PKR,350,310,40,0.11428571428571428,0.12903225806451613,True,WS-RATES:6:37
RS-000217,FANCY PENCIL 660,PENCILS,Wholesale,Piece,,PKR,30,26,4,0.13333333333333333,0.15384615384615385,True,WS-RATES:7:2
RS-000218,YASEEN Z50,SIPARA,Wholesale,Piece,,PKR,55,50,5,0.09090909090909091,0.1,True,WS-RATES:7:3
RS-000219,QURAN PAK 125A,SIPARA,Wholesale,Piece,,PKR,1640,1490,150,0.09146341463414634,0.10067114093959731,True,WS-RATES:7:4
RS-000220,QURAN PAK 129,SIPARA,Wholesale,Piece,,PKR,1845,1680,165,0.08943089430894309,0.09821428571428571,True,WS-RATES:7:5
RS-000221,QURAN PAK 165,SIPARA,Wholesale,Piece,,PKR,2175,1980,195,0.0896551724137931,0.09848484848484848,True,WS-RATES:7:6
RS-000222,QURAN PAK 123,SIPARA,Wholesale,Piece,,PKR,1340,1220,120,0.08955223880597014,0.09836065573770492,True,WS-RATES:7:7
RS-000223,QURAN PAK 124,SIPARA,Wholesale,Piece,,PKR,1490,1356,134,0.08993288590604027,0.09882005899705015,True,WS-RATES:7:8
RS-000224,CHISHTI GALAXY NAZMAIN,CHINA DAIRIES,Wholesale,Piece,,PKR,70,56,14,0.2,0.25,True,WS-RATES:7:9
RS-000226,CHISHTI HANDLE COLOURING BO,CHINA DAIRIES,Wholesale,Piece,,PKR,840,730,110,0.13095238095238096,0.1506849315068493,True,WS-RATES:7:11
RS-000227,CHISHTI SMART COLOURING BOO,CHINA DAIRIES,Wholesale,Piece,,PKR,360,310,50,0.1388888888888889,0.16129032258064516,True,WS-RATES:7:12
RS-000228,CHISHTI MINI COLOURING BOOK,CHINA DAIRIES,Wholesale,Piece,,PKR,220,185,35,0.1590909090909091,0.1891891891891892,True,WS-RATES:7:13
RS-000229,HOME WORK DAIRY NO 777,CHINA DAIRIES,Wholesale,Piece,,PKR,55,41,14,0.2545454545454545,0.34146341463414637,True,WS-RATES:7:14
RS-000230,HOME WORK DAIRY NO 666,CHINA DAIRIES,Wholesale,Piece,,PKR,60,47,13,0.21666666666666667,0.2765957446808511,True,WS-RATES:7:15
RS-000231,HOME WORK DAIRY NO 555,CHINA DAIRIES,Wholesale,Piece,,PKR,40,29,11,0.275,0.3793103448275862,True,WS-RATES:7:16
RS-000232,VISITING CARD HOLDER DG022,CHINA,Wholesale,Piece,,PKR,160,145,15,0.09375,0.10344827586206896,True,WS-RATES:7:17
RS-000233,CRAPE PAPER (G/S),CHINA,Wholesale,Piece,,PKR,580,550,30,0.05172413793103448,0.05454545454545454,True,WS-RATES:7:18
RS-000234,PAINT BRUSH 12PCS (A6075R),BRUSHES,Wholesale,Pack,12,PKR,480,425,55,0.11458333333333333,0.12941176470588237,True,WS-RATES:7:19
RS-000235,PAINT BRUSH 5PCS (A6090f),BRUSHES,Wholesale,Pack,5,PKR,290,220,70,0.2413793103448276,0.3181818181818182,True,WS-RATES:7:20
RS-000236,DUX CHOCO PENCIL,PENCILS,Wholesale,Piece,,PKR,396,375,21,0.05303030303030303,0.056,True,WS-RATES:7:21
RS-000237,COLOURING KIT 46PCS BOX,COLORING KIT,Wholesale,Box,46,PKR,530,500,30,0.05660377358490566,0.06,True,WS-RATES:7:22
RS-000238,GERMAN GLUE 1/2 LOCK IT,GERMAN GLUE,Wholesale,Piece,,PKR,120,90,30,0.25,0.3333333333333333,True,WS-RATES:7:23
RS-000239,GERMAN GLUE 1/2 KILO BOROLIT,GERMAN GLUE,Wholesale,Piece,,PKR,140,115,25,0.17857142857142858,0.21739130434782608,True,WS-RATES:7:24
RS-000240,ORO TRYPOP PENCIL,PENCILS,Wholesale,Piece,,PKR,184,176,8,0.043478260869565216,0.045454545454545456,True,WS-RATES:7:25
RS-000241,SIGNATURE MATE,BALL POINT,Wholesale,Piece,,PKR,153,144,9,0.058823529411764705,0.0625,True,WS-RATES:7:26
RS-000242,BALOON DILL,BALLOONS,Wholesale,Piece,,PKR,320,295,25,0.078125,0.0847457627118644,True,WS-RATES:7:27
RS-000243,BALOON EID+RAMAZAN MUBARIK,BALLOONS,Wholesale,Piece,,PKR,370,345,25,0.06756756756756757,0.07246376811594203,True,WS-RATES:7:28
RS-000244,SHAIQ MIX REGISTER NO 190,REGISTERS,Wholesale,Piece,,PKR,95,79,16,0.16842105263157894,0.20253164556962025,True,WS-RATES:7:29
RS-000245,MOON BALL 1PCS,BALL,Individual,Piece,1,PKR,95,73,22,0.23157894736842105,0.3013698630136986,True,WS-RATES:7:30
RS-000246,NOORANI QAIDA QTN1,SIPARA,Wholesale,Piece,,PKR,100,90,10,0.1,0.1111111111111111,True,WS-RATES:7:31
RS-000247,CHINA FOAM BOARD MARKER,MARKER,Wholesale,Piece,,PKR,15,9.5,5.5,0.36666666666666664,0.5789473684210527,True,WS-RATES:7:32
RS-000248,SHAIQ PRATICAL COPY P2,PRACTICAL COPY,Wholesale,Piece,,PKR,140,110,30,0.21428571428571427,0.2727272727272727,True,WS-RATES:7:33
RS-000249,CASIO FX 82MSC COLOUR,SHOP CALCULATOR,Wholesale,Piece,,PKR,360,325,35,0.09722222222222222,0.1076923076923077,True,WS-RATES:7:34
RS-000250,CASIO FX 82MS 2ND EDITION,SHOP CALCULATOR,Wholesale,Piece,,PKR,420,385,35,0.08333333333333333,0.09090909090909091,True,WS-RATES:7:35
RS-000251,CTIFREE UL170PH,SHOP CALCULATOR,Wholesale,Piece,,PKR,1400,1285,115,0.08214285714285714,0.08949416342412451,True,WS-RATES:7:36
RS-000252,STICKER YXH,STICKERS,Wholesale,Piece,,PKR,35,24,11,0.3142857142857143,0.4583333333333333,True,WS-RATES:7:37
RS-000253,STICKER YZ,STICKERS,Wholesale,Piece,,PKR,45,26,19,0.4222222222222222,0.7307692307692307,True,WS-RATES:8:2
RS-000254,TABLE PEN CHINA,INK PEN,Wholesale,Piece,,PKR,100,82,18,0.18,0.21951219512195122,True,WS-RATES:8:3
RS-000255,NOTE BOOK 8625,CHINA DAIRIES,Wholesale,Piece,,PKR,290,245,45,0.15517241379310345,0.1836734693877551,True,WS-RATES:8:4
RS-000256,ERASER FS 72PCS,ERASERS,Wholesale,Pack,72,PKR,250,230,20,0.08,0.08695652173913043,True,WS-RATES:8:5
RS-000257,FANCY SHARPNER DMS084,SHARPNERS,Wholesale,Piece,,PKR,45,39,6,0.13333333333333333,0.15384615384615385,True,WS-RATES:8:6
RS-000258,FANCY POUCH 5537,POUCH,Wholesale,Piece,,PKR,420,370,50,0.11904761904761904,0.13513513513513514,True,WS-RATES:8:7
RS-000259,TALOR REGISTER,GEOMATRIES,Wholesale,Piece,,PKR,480,410,70,0.14583333333333334,0.17073170731707318,True,WS-RATES:8:8
RS-000260,FANCU GEOMETRY 3232,GEOMATRIES,Wholesale,Piece,,PKR,300,245,55,0.18333333333333332,0.22448979591836735,True,WS-RATES:8:9
RS-000261,FANCY GEOMETRY 8300,GEOMATRIES,Wholesale,Piece,,PKR,500,455,45,0.09,0.0989010989010989,True,WS-RATES:8:10
RS-000262,FANCY GEOMETRY 5619,GEOMATRIES,Wholesale,Piece,,PKR,590,545,45,0.07627118644067797,0.08256880733944955,True,WS-RATES:8:11
RS-000263,FANCY GEOMETRY YH0005,GEOMATRIES,Wholesale,Piece,,PKR,390,355,35,0.08974358974358974,0.09859154929577464,True,WS-RATES:8:12
RS-000264,FANCY GEOMETRY 5559,GEOMATRIES,Wholesale,Piece,,PKR,520,485,35,0.0673076923076923,0.07216494845360824,True,WS-RATES:8:13
RS-000265,FANCY GEOMATRY 588214,GEOMATRIES,Wholesale,Piece,,PKR,400,365,35,0.0875,0.0958904109589041,True,WS-RATES:8:14
RS-000266,CHAMAK TAPE (M),TAPE,Wholesale,Piece,,PKR,144,123,21,0.14583333333333334,0.17073170731707318,True,WS-RATES:8:15
RS-000267,CARD CHUTAKI S,CHINA,Wholesale,Piece,,PKR,9,6.25,2.75,0.3055555555555556,0.44,True,WS-RATES:8:16
RS-000268,SIPARA SET HAFIZ 100/N,SIPARA,Wholesale,Set,,PKR,1750,1520,230,0.13142857142857142,0.1513157894736842,True,WS-RATES:8:17
RS-000269,SIPARA HAFIZ,SIPARA,Wholesale,Piece,,PKR,58,51,7,0.1206896551724138,0.13725490196078433,True,WS-RATES:8:18
RS-000270,WOODEN QURAN RAHEL L,CHINA DAIRIES,Wholesale,Piece,,PKR,240,200,40,0.16666666666666666,0.2,True,WS-RATES:8:19
RS-000271,WODDEN QURAN RAHEL S,CHINA DAIRIES,Wholesale,Piece,,PKR,210,180,30,0.14285714285714285,0.16666666666666666,True,WS-RATES:8:20
RS-000272,SLATE PANDA,BALL POINT,Wholesale,Piece,,PKR,65,55,10,0.15384615384615385,0.18181818181818182,True,WS-RATES:8:21
RS-000273,WOODEN SCALE LASANI L,BALL POINT,Wholesale,Piece,,PKR,240,210,30,0.125,0.14285714285714285,True,WS-RATES:8:22
RS-000274,STOCK REGISTER RIZWAN,BALL POINT,Wholesale,Piece,,PKR,360,310,50,0.1388888888888889,0.16129032258064516,True,WS-RATES:8:23
RS-000275,MASTER ATTANDANCE REGISTER,CHINA DAIRIES,Wholesale,Piece,,PKR,250,210,40,0.16,0.19047619047619047,True,WS-RATES:8:24
RS-000276,A4 PLASTIC COVER (10MM PKT),PLASTIC SHEET/ROLL,Wholesale,Piece,,PKR,2500,1800,700,0.28,0.3888888888888889,True,WS-RATES:8:25
RS-000277,PRACTICAL ASSIGNMENT PAPER,CHINA,Wholesale,Piece,,PKR,160,125,35,0.21875,0.28,True,WS-RATES:8:26
RS-000278,GIFT RIBBON (1INCH),CHINA,Wholesale,Piece,,PKR,100,80,20,0.2,0.25,True,WS-RATES:8:27
RS-000279,CARROM GOTI 2,CHINA,Wholesale,Piece,,PKR,270,240,30,0.1111111111111111,0.125,True,WS-RATES:8:28
RS-000280,CARROM GOTI SMALL,CHINA,Wholesale,Piece,,PKR,120,90,30,0.25,0.3333333333333333,True,WS-RATES:8:29
RS-000281,GLITTER GLUE NOZEL,GERMAN GLUE,Wholesale,Piece,,PKR,60,50,10,0.16666666666666666,0.2,True,WS-RATES:8:30
RS-000282,SHAIQ PRATICAL COPY P4,PRACTICAL COPY,Wholesale,Piece,,PKR,235,210,25,0.10638297872340426,0.11904761904761904,True,WS-RATES:8:31
RS-000283,SHAIQ PRATICAL COPY P3,PRACTICAL COPY,Wholesale,Piece,,PKR,185,160,25,0.13513513513513514,0.15625,True,WS-RATES:8:32
RS-000284,PIANO POINTER CRYSTAL,POINTER,Wholesale,Piece,,PKR,205,195,10,0.04878048780487805,0.05128205128205128,True,WS-RATES:8:33
RS-000285,MASK MASTER PLUS,CHINA DAIRIES,Wholesale,Piece,,PKR,160,120,40,0.25,0.3333333333333333,True,WS-RATES:8:34
RS-000286,SUPER SHINE SET SQUARE(1PCS),D-SET SQARE,Individual,Piece,1,PKR,30,23,7,0.23333333333333334,0.30434782608695654,True,WS-RATES:8:35
RS-000287,BUTTER PAPER RIM 480 PC,PAPER,Wholesale,Rim,480,PKR,2600,2500,100,0.038461538461538464,0.04,True,WS-RATES:8:36
RS-000288,PAPER ONE A4 100G,PAPER WRITE,Wholesale,Piece,,PKR,1680,1636,44,0.02619047619047619,0.02689486552567237,True,WS-RATES:8:37
RS-000289,PIANO METALLIC 111 PENCIL,PENCILS,Wholesale,Piece,,PKR,178,168,10,0.056179775280898875,0.05952380952380952,True,WS-RATES:9:2
RS-000290,PIANO EXECUTIVE 333 PENCIL,PENCILS,Wholesale,Piece,,PKR,178,169,9,0.05056179775280899,0.05325443786982249,True,WS-RATES:9:3
RS-000291,PIANO RANGEEN PENCIL,PENCILS,Wholesale,Piece,,PKR,177,169,8,0.04519774011299435,0.047337278106508875,True,WS-RATES:9:4
RS-000292,PIANO BROWN PENCIL,PENCILS,Wholesale,Piece,,PKR,181,172,9,0.049723756906077346,0.05232558139534884,True,WS-RATES:9:5
RS-000293,DEER PRO PLUS ERASER DR48,ERASERS,Wholesale,Piece,,PKR,336,290,46,0.13690476190476192,0.15862068965517243,True,WS-RATES:9:6
RS-000294,2026 DAIRY 950,CHINA DAIRIES,Wholesale,Piece,,PKR,510,480,30,0.058823529411764705,0.0625,True,WS-RATES:9:7
RS-000295,2026 DAIRY 680,CHINA DAIRIES,Wholesale,Piece,,PKR,380,345,35,0.09210526315789473,0.10144927536231885,True,WS-RATES:9:8
RS-000296,DUX SILVER PENCIL 7001 (24PCS),PENCILS,Wholesale,Pack,24,PKR,384,345,39,0.1015625,0.11304347826086956,True,WS-RATES:9:9
RS-000297,RUBI CARBON PAPER,CHINA DAIRIES,Wholesale,Piece,,PKR,400,375,25,0.0625,0.06666666666666667,True,WS-RATES:9:10
RS-000298,DUX JUMBO COLOUR PENCIL,BALL POINT,Wholesale,Piece,,PKR,430,410,20,0.046511627906976744,0.04878048780487805,True,WS-RATES:9:11
RS-000299,PANDA MULTI COLOUR 100+1,BALL POINT,Wholesale,Pack,101,PKR,260,220,40,0.15384615384615385,0.18181818181818182,True,WS-RATES:9:12
RS-000300,LR 100 NEAT REGISTER L,REGISTERS,Wholesale,Piece,,PKR,120,100,20,0.16666666666666666,0.2,True,WS-RATES:9:13
RS-000301,BAOKE TABLE PEN,BALL POINT,Wholesale,Piece,,PKR,130,113,17,0.13076923076923078,0.1504424778761062,True,WS-RATES:9:14
RS-000302,QURAN PAK 117,BALL POINT,Wholesale,Piece,,PKR,3150,3055,95,0.03015873015873016,0.031096563011456628,True,WS-RATES:9:15
RS-000303,BUTTERFLY,CHINA,Wholesale,Piece,,PKR,160,135,25,0.15625,0.18518518518518517,True,WS-RATES:9:16
RS-000304,BIRTHDAY CANDLE 2,CHINA,Wholesale,Piece,,PKR,90,72,18,0.2,0.25,True,WS-RATES:9:17
RS-000305,BIRTHDAY CANDLE 1,CHINA,Wholesale,Piece,,PKR,115,92,23,0.2,0.25,True,WS-RATES:9:18
RS-000306,THEME UMRAH MUBARAK,CHINA,Wholesale,Piece,,PKR,430,405,25,0.05813953488372093,0.06172839506172839,True,WS-RATES:9:19
RS-000307,CHAMKEELI DAIRY LARGE,CHINA DAIRIES,Wholesale,Piece,,PKR,200,165,35,0.175,0.21212121212121213,True,WS-RATES:9:20
RS-000308,3D STICKER WORLD 3+,STICKERS,Wholesale,Piece,,PKR,65,47,18,0.27692307692307694,0.3829787234042553,True,WS-RATES:9:21
RS-000309,HAPPY MARRIAGE DISPLAY,DISPLAY,Wholesale,Piece,,PKR,190,180,10,0.05263157894736842,0.05555555555555555,True,WS-RATES:9:22
RS-000310,STAPLER PATTA JP268C,STAPLERS,Wholesale,Piece,,PKR,58,50,8,0.13793103448275862,0.16,True,WS-RATES:9:23
RS-000311,PUR GEOMETRY 302,D-SET SQARE,Wholesale,Piece,,PKR,175,145,30,0.17142857142857143,0.20689655172413793,True,WS-RATES:9:24
RS-000312,KIDDY D (1PCS),D-SET SQARE,Individual,Piece,1,PKR,16,12.5,3.5,0.21875,0.28,True,WS-RATES:9:25
RS-000313,GATTA KHATA COPY 68G NO 4,GATTA REGISTER,Wholesale,Piece,,PKR,190,165,25,0.13157894736842105,0.15151515151515152,True,WS-RATES:9:26
RS-000314,PRISM STAPLER PR-300,STAPLERS,Wholesale,Piece,,PKR,3500,3300,200,0.05714285714285714,0.06060606060606061,True,WS-RATES:9:27
RS-000315,AS BROWNY GOLD PENCIL,PENCILS,Wholesale,Piece,,PKR,165,149,16,0.09696969696969697,0.10738255033557047,True,WS-RATES:9:28
RS-000316,GUM 20 SALE 15PCS,GUM STICK,Wholesale,Pack,15,PKR,200,180,20,0.1,0.1111111111111111,True,WS-RATES:9:29
RS-000317,DUX SMART GEL PEN,GEL PEN,Wholesale,Piece,,PKR,600,550,50,0.08333333333333333,0.09090909090909091,True,WS-RATES:9:30
RS-000318,MAGNIFYING GLASS 70MM,CHINA,Wholesale,Piece,,PKR,310,290,20,0.06451612903225806,0.06896551724137931,True,WS-RATES:9:31
RS-000319,RERASABLE GEL PEN GP723,GEL PEN,Wholesale,Piece,,PKR,540,500,40,0.07407407407407407,0.08,True,WS-RATES:9:32
RS-000320,DOLLAR MIX PENCIL 24BOX,PENCILS,Wholesale,Box,,PKR,4000,3920,80,0.02,0.02040816326530612,True,WS-RATES:9:33
RS-000321,DUX STAPLER D50,STAPLERS,Wholesale,Piece,,PKR,365,340,25,0.0684931506849315,0.07352941176470588,True,WS-RATES:9:34
RS-000322,M&G GUM STICK (8G),GUM STICK,Wholesale,Piece,,PKR,39,35.5,3.5,0.08974358974358974,0.09859154929577464,True,WS-RATES:9:35
RS-000323,ZIG ZAG SHARPNER,SHARPNERS,Wholesale,Piece,,PKR,260,243,17,0.06538461538461539,0.06995884773662552,True,WS-RATES:9:36
RS-000324,2026 DAIRY 1900,CHINA DAIRIES,Wholesale,Piece,,PKR,1100,970,130,0.11818181818181818,0.13402061855670103,True,WS-RATES:9:37
RS-000325,2026 DAIRY 1800,CHINA DAIRIES,Wholesale,Piece,,PKR,1050,920,130,0.12380952380952381,0.14130434782608695,True,WS-RATES:10:2
RS-000326,2026 DAIRY 900,CHINA DAIRIES,Wholesale,Piece,,PKR,600,470,130,0.21666666666666667,0.2765957446808511,True,WS-RATES:10:3
RS-000327,2026 DAIRY 1200,CHINA DAIRIES,Wholesale,Piece,,PKR,750,620,130,0.17333333333333334,0.20967741935483872,True,WS-RATES:10:4
RS-000328,PRICE TAG MACHINE,CHINA DAIRIES,Wholesale,Piece,,PKR,850,670,180,0.21176470588235294,0.26865671641791045,True,WS-RATES:10:5
RS-000329,CELL 2025H,CHINA DAIRIES,Wholesale,Piece,,PKR,140,110,30,0.21428571428571427,0.2727272727272727,True,WS-RATES:10:6
RS-000330,P10 PRACTICAL COPY,PRACTICAL COPY,Wholesale,Piece,,PKR,320,265,55,0.171875,0.20754716981132076,True,WS-RATES:10:7
RS-000331,TUFF TAPE,TAPE,Wholesale,Piece,,PKR,255,240,15,0.058823529411764705,0.0625,True,WS-RATES:10:8
RS-000332,SHUTTLE FBD 406,RACKETS,Wholesale,Piece,,PKR,300,240,60,0.2,0.25,True,WS-RATES:10:9
RS-000333,BIRTHDAY CANDLE 10,CHINA,Wholesale,Piece,,PKR,45,41,4,0.08888888888888889,0.0975609756097561,True,WS-RATES:10:10
RS-000334,BIRTHDAY CANDLE 41,CHINA,Wholesale,Piece,,PKR,140,123,17,0.12142857142857143,0.13821138211382114,True,WS-RATES:10:11
RS-000335,BIRTHDAY CANDLE 15,CHINA,Wholesale,Piece,,PKR,90,77,13,0.14444444444444443,0.16883116883116883,True,WS-RATES:10:12
RS-000336,BIRTHDAY CANDLE 16,CHINA,Wholesale,Piece,,PKR,110,92,18,0.16363636363636364,0.1956521739130435,True,WS-RATES:10:13
RS-000337,BIRTHDAY CANDLE 17,CHINA,Wholesale,Piece,,PKR,75,62,13,0.17333333333333334,0.20967741935483872,True,WS-RATES:10:14
RS-000338,BIRTHDAY CANDLE 9,CHINA,Wholesale,Piece,,PKR,140,112,28,0.2,0.25,True,WS-RATES:10:15
RS-000339,BIRTHDAY CANDLE 21,CHINA,Wholesale,Piece,,PKR,60,52,8,0.13333333333333333,0.15384615384615385,True,WS-RATES:10:16
RS-000340,BIRTHDAY CANDLE 8,CHINA,Wholesale,Piece,,PKR,130,112,18,0.13846153846153847,0.16071428571428573,True,WS-RATES:10:17
RS-000341,BIRTHDAY CANDLE 18,CHINA,Wholesale,Piece,,PKR,150,143,7,0.04666666666666667,0.04895104895104895,True,WS-RATES:10:18
RS-000342,BALOON METALIC (10PCS),CHINA,Wholesale,Pack,10,PKR,90,72,18,0.2,0.25,True,WS-RATES:10:19
RS-000343,BALOON PUMP,CHINA,Wholesale,Piece,,PKR,175,155,20,0.11428571428571428,0.12903225806451613,True,WS-RATES:10:20
RS-000344,PARTY BALOON (16PCS),CHINA,Wholesale,Pack,16,PKR,160,133,27,0.16875,0.20300751879699247,True,WS-RATES:10:21
RS-000345,HAPPY BIRTHDAY THEME (11PCS),CHINA,Wholesale,Pack,11,PKR,160,133,27,0.16875,0.20300751879699247,True,WS-RATES:10:22
RS-000346,NUMBER CANDLE LARGE,CHINA,Wholesale,Piece,,PKR,140,122,18,0.12857142857142856,0.14754098360655737,True,WS-RATES:10:23
RS-000347,NUMBER CANDLE SMALL,CHINA,Wholesale,Piece,,PKR,55,47,8,0.14545454545454545,0.1702127659574468,True,WS-RATES:10:24
RS-000348,FAIRY LIGHT,CHINA,Wholesale,Piece,,PKR,80,52,28,0.35,0.5384615384615384,True,WS-RATES:10:25
RS-000349,CAKE TOPPER NET,CHINA,Wholesale,Piece,,PKR,150,130,20,0.13333333333333333,0.15384615384615385,True,WS-RATES:10:26
RS-000350,CAKE TOPPER LARGE,CHINA,Wholesale,Piece,,PKR,135,133,2,0.014814814814814815,0.015037593984962405,True,WS-RATES:10:27
RS-000351,FOIL STAR+DILL,CHINA,Wholesale,Piece,,PKR,75,58,17,0.22666666666666666,0.29310344827586204,True,WS-RATES:10:28
RS-000352,BALOON STAND,CHINA,Wholesale,Piece,,PKR,230,175,55,0.2391304347826087,0.3142857142857143,True,WS-RATES:10:29
RS-000353,CAKE PLATE LARGE,CHINA,Wholesale,Piece,,PKR,170,133,37,0.21764705882352942,0.2781954887218045,True,WS-RATES:10:30
RS-000354,CAKE PLATE SMALL,CHINA,Wholesale,Piece,,PKR,150,113,37,0.24666666666666667,0.3274336283185841,True,WS-RATES:10:31
RS-000356,HAPPY BIRTHDAY CARD DISPLAY,CHINA,Wholesale,Piece,,PKR,140,112,28,0.2,0.25,True,WS-RATES:10:33
RS-000357,BIRTHDAY CAP 7,CHINA,Wholesale,Piece,,PKR,130,111,19,0.14615384615384616,0.17117117117117117,True,WS-RATES:10:34
RS-000358,BIRTHDAY CAP 6,CHINA,Wholesale,Piece,,PKR,80,66,14,0.175,0.21212121212121213,True,WS-RATES:10:35
RS-000359,BIRTHDAY CAP 5,CHINA,Wholesale,Piece,,PKR,100,72,28,0.28,0.3888888888888889,True,WS-RATES:10:36
RS-000360,BIRTHDAY CAP 4,CHINA,Wholesale,Piece,,PKR,60,46,14,0.23333333333333334,0.30434782608695654,True,WS-RATES:10:37
RS-000361,DORI GOLA,CHINA,Wholesale,Piece,,PKR,160,100,60,0.375,0.6,True,WS-RATES:11:2
RS-000362,POM POM,CHINA,Wholesale,Piece,,PKR,100,78,22,0.22,0.28205128205128205,True,WS-RATES:11:3
RS-000363,POCKET TISSUE BOX (24PCS) R+E,CHINA,Wholesale,Box,24,PKR,264,228,36,0.13636363636363635,0.15789473684210525,True,WS-RATES:11:4
RS-000364,TISSUE ROLL RAHAT,CHINA,Wholesale,Piece,,PKR,50,42,8,0.16,0.19047619047619047,True,WS-RATES:11:5
RS-000365,SAFETY PIN DL2304 (400PCS),CHINA,Wholesale,Pack,400,PKR,510,485,25,0.049019607843137254,0.05154639175257732,True,WS-RATES:11:6
RS-000366,L SHAPE FOLDER,FILE,Wholesale,Piece,,PKR,180,160,20,0.1111111111111111,0.125,True,WS-RATES:11:7
RS-000367,QURAN PAK 441,QURAN-E-PAK,Wholesale,Piece,,PKR,1490,1300,190,0.12751677852348994,0.14615384615384616,True,WS-RATES:11:8
RS-000368,QURAN PAK 411F,QURAN-E-PAK,Wholesale,Piece,,PKR,1500,1300,200,0.13333333333333333,0.15384615384615385,True,WS-RATES:11:9
RS-000369,KEY CHAIN NO 14,KEY CHAINS,Wholesale,Piece,,PKR,540,480,60,0.1111111111111111,0.125,True,WS-RATES:11:10
RS-000370,KEY CHAIN NO 13,KEY CHAINS,Wholesale,Piece,,PKR,1680,1620,60,0.03571428571428571,0.037037037037037035,True,WS-RATES:11:11
RS-000371,KEY CHAIN NO 12,KEY CHAINS,Wholesale,Piece,,PKR,2640,2520,120,0.045454545454545456,0.047619047619047616,True,WS-RATES:11:12
RS-000372,KEY CHAIN NO 11,KEY CHAINS,Wholesale,Piece,,PKR,720,660,60,0.08333333333333333,0.09090909090909091,True,WS-RATES:11:13
RS-000373,KEY CHAIN NO 10,KEY CHAINS,Wholesale,Piece,,PKR,600,480,120,0.2,0.25,True,WS-RATES:11:14
RS-000374,KEY CHAIN NO 9,KEY CHAINS,Wholesale,Piece,,PKR,1080,900,180,0.16666666666666666,0.2,True,WS-RATES:11:15
RS-000375,KEY CHAIN NO 8,KEY CHAINS,Wholesale,Piece,,PKR,840,790,50,0.05952380952380952,0.06329113924050633,True,WS-RATES:11:16
RS-000376,KEY CHAIN NO 7,KEY CHAINS,Wholesale,Piece,,PKR,600,540,60,0.1,0.1111111111111111,True,WS-RATES:11:17
RS-000377,KEY CHAIN NO 6,KEY CHAINS,Wholesale,Piece,,PKR,660,600,60,0.09090909090909091,0.1,True,WS-RATES:11:18
RS-000378,KEY CHAIN NO 5,KEY CHAINS,Wholesale,Piece,,PKR,600,520,80,0.13333333333333333,0.15384615384615385,True,WS-RATES:11:19
RS-000379,KEY CHAIN NO 4,KEY CHAINS,Wholesale,Piece,,PKR,960,890,70,0.07291666666666667,0.07865168539325842,True,WS-RATES:11:20
RS-000380,KEY CHAIN NO 3,KEY CHAINS,Wholesale,Piece,,PKR,980,890,90,0.09183673469387756,0.10112359550561797,True,WS-RATES:11:21
RS-000381,KEY CHAIN NO 2,KEY CHAINS,Wholesale,Piece,,PKR,540,430,110,0.2037037037037037,0.2558139534883721,True,WS-RATES:11:22
RS-000382,KEY CHAIN NO 1,KEY CHAINS,Wholesale,Piece,,PKR,360,290,70,0.19444444444444445,0.2413793103448276,True,WS-RATES:11:23
RS-000383,3D HOME DECORE,STICKERS,Wholesale,Piece,,PKR,180,163,17,0.09444444444444444,0.10429447852760736,True,WS-RATES:11:24
RS-000384,3D WALL STICKER,STICKERS,Wholesale,Piece,,PKR,220,198,22,0.1,0.1111111111111111,True,WS-RATES:11:25
RS-000385,FOIL MIX (5 PCS THEME),CHINA,Wholesale,Pack,5,PKR,240,205,35,0.14583333333333334,0.17073170731707318,True,WS-RATES:11:26
RS-000386,GATTA KHATA COPY 68G NO 5,GATTA REGISTER,Wholesale,Piece,,PKR,240,230,10,0.041666666666666664,0.043478260869565216,True,WS-RATES:11:27
RS-000387,WICKET+BAT GIFT BAG,BAT,Wholesale,Piece,,PKR,350,310,40,0.11428571428571428,0.12903225806451613,True,WS-RATES:11:28
RS-000388,PLASTIC BAT NO 6 A+,BAT,Wholesale,Piece,,PKR,350,320,30,0.08571428571428572,0.09375,True,WS-RATES:11:29
RS-000389,PLASTIC BAT NO 4 A+,BAT,Wholesale,Piece,,PKR,280,250,30,0.10714285714285714,0.12,True,WS-RATES:11:30
RS-000390,FOOT BALL MOLTEN,CHINA DAIRIES,Wholesale,Piece,,PKR,780,650,130,0.16666666666666666,0.2,True,WS-RATES:11:31
RS-000391,APEX TENNIS BALL JAR,BALL POINT,Wholesale,Jar,,PKR,750,650,100,0.13333333333333333,0.15384615384615385,True,WS-RATES:11:32
RS-000392,SHUTTLE MAVIS 2000,CHINA DAIRIES,Wholesale,Piece,,PKR,360,235,125,0.3472222222222222,0.5319148936170213,True,WS-RATES:11:33
RS-000393,DOLLAR INK PEN FP 2 QALAM,INK PEN,Wholesale,Piece,,PKR,446,422,24,0.053811659192825115,0.05687203791469194,True,WS-RATES:11:34
RS-000394,TEMPO GUM STICK 8G(BOX 24 PC),GUM STICK,Wholesale,Box,24,PKR,1032,980,52,0.050387596899224806,0.053061224489795916,True,WS-RATES:11:35
RS-000395,CTIFREE UL190 PRO,SCIENTIFIC CALCULAT,Wholesale,Piece,,PKR,1130,1020,110,0.09734513274336283,0.10784313725490197,True,WS-RATES:11:36
RS-000396,CTIFREE UL180 PRO,SCIENTIFIC CALCULAT,Wholesale,Piece,,PKR,1100,1010,90,0.08181818181818182,0.0891089108910891,True,WS-RATES:11:37
RS-000397,CTIFREE UL340 PRO,SCIENTIFIC CALCULAT,Wholesale,Piece,,PKR,1150,1040,110,0.09565217391304348,0.10576923076923077,True,WS-RATES:12:2
RS-000398,CTIFREE UL140G,SCIENTIFIC CALCULAT,Wholesale,Piece,,PKR,1050,940,110,0.10476190476190476,0.11702127659574468,True,WS-RATES:12:3
RS-000399,CALCULATOR CELL LR1130 + LR44,CHINA,Wholesale,Piece,,PKR,100,65,35,0.35,0.5384615384615384,True,WS-RATES:12:4
RS-000400,ADX GERMAN GLUE 230G,GERMAN GLUE,Wholesale,Piece,,PKR,220,195,25,0.11363636363636363,0.1282051282051282,True,WS-RATES:12:5
RS-000401,ADX GERMAN GLUE 100G,GERMAN GLUE,Wholesale,Piece,,PKR,130,110,20,0.15384615384615385,0.18181818181818182,True,WS-RATES:12:6
RS-000402,SHADI LIFAFA CARD DORI,LIFAFA,Wholesale,Piece,,PKR,60,45,15,0.25,0.3333333333333333,True,WS-RATES:12:7
RS-000403,DUX GEL PEN 6000,GEL PEN,Wholesale,Piece,,PKR,840,790,50,0.05952380952380952,0.06329113924050633,True,WS-RATES:12:8
RS-000404,TICK STAPLER PIN 23/13,STAPLER PIN,Wholesale,Piece,,PKR,170,120,50,0.29411764705882354,0.4166666666666667,True,WS-RATES:12:9
RS-000405,TICK STAPLER PIN 23/10,STAPLER PIN,Wholesale,Piece,,PKR,140,100,40,0.2857142857142857,0.4,True,WS-RATES:12:10
RS-000406,TICK STAPLER PIN 23/8,STAPLER PIN,Wholesale,Piece,,PKR,120,92,28,0.23333333333333334,0.30434782608695654,True,WS-RATES:12:11
RS-000407,TICK/FS BOX FILE 3 INCH,FILE,Wholesale,Box,,PKR,285,275,10,0.03508771929824561,0.03636363636363636,True,WS-RATES:12:12
RS-000408,TICK CORRECTION PEN 24PC (BO),Correction pen,Wholesale,Pack,24,PKR,936,450,486,0.5192307692307693,1.08,True,WS-RATES:12:13
RS-000409,TICK CORRECTION PEN (1PC),Correction pen,Individual,Piece,1,PKR,38,37.5,0.5,0.013157894736842105,0.013333333333333334,True,WS-RATES:12:14
RS-000410,TICK ROLLER PEN (1PC),BALL POINT,Individual,Piece,1,PKR,94,89,5,0.05319148936170213,0.056179775280898875,True,WS-RATES:12:15
RS-000411,TICK ALIF PENCIL,PENCILS,Wholesale,Piece,,PKR,170,160,10,0.058823529411764705,0.0625,True,WS-RATES:12:16
RS-000412,TICK PIN 10 NUMBER (BOX),STAPLER PIN,Wholesale,Box,,PKR,550,520,30,0.05454545454545454,0.057692307692307696,True,WS-RATES:12:17
RS-000413,TICK PIN 10 NUMBER (1PC),STAPLER PIN,Individual,Piece,1,PKR,28,26,2,0.07142857142857142,0.07692307692307693,True,WS-RATES:12:18
RS-000414,TICK PIN 24/6 (BOX),STAPLER PIN,Wholesale,Box,,PKR,880,850,30,0.03409090909090909,0.03529411764705882,True,WS-RATES:12:19
RS-000415,TICK PIN 24/6 (1PC),STAPLER PIN,Individual,Piece,1,PKR,46,44,2,0.043478260869565216,0.045454545454545456,True,WS-RATES:12:20
RS-000416,KN TENNIS BALL,BALL,Wholesale,Piece,,PKR,130,85,45,0.34615384615384615,0.5294117647058824,True,WS-RATES:12:21
RS-000417,KONEX RACKET,RACKETS,Wholesale,Piece,,PKR,950,720,230,0.24210526315789474,0.3194444444444444,True,WS-RATES:12:22
RS-000418,YONEX ZIP RACKET,RACKETS,Wholesale,Piece,,PKR,900,670,230,0.25555555555555554,0.34328358208955223,True,WS-RATES:12:23
RS-000419,WILSON RACKET,RACKETS,Wholesale,Piece,,PKR,1050,820,230,0.21904761904761905,0.2804878048780488,True,WS-RATES:12:24
RS-000420,DUNLOP RACKET,RACKETS,Wholesale,Piece,,PKR,1300,1000,300,0.23076923076923078,0.3,True,WS-RATES:12:25
RS-000421,HI QUA BUTTON RACKET,RACKETS,Wholesale,Piece,,PKR,600,460,140,0.23333333333333334,0.30434782608695654,True,WS-RATES:12:26
RS-000422,GATTA KHATA LEDGER 68g N0 10,GATTA REGISTER,Wholesale,Piece,,PKR,850,770,80,0.09411764705882353,0.1038961038961039,True,WS-RATES:12:27
RS-000423,GATTA KHATA LEDGER 68g N0 8,GATTA REGISTER,Wholesale,Piece,,PKR,720,610,110,0.1527777777777778,0.18032786885245902,True,WS-RATES:12:28
RS-000424,RPS 8,GATTA REGISTER,Wholesale,Piece,,PKR,720,690,30,0.041666666666666664,0.043478260869565216,True,WS-RATES:12:29
RS-000425,MASKING TAPE 1 INCH(M),TAPE,Wholesale,Piece,,PKR,55,42,13,0.23636363636363636,0.30952380952380953,True,WS-RATES:12:30
RS-000426,MASKING TAPE 2 INCH L,TAPE,Wholesale,Piece,,PKR,140,125,15,0.10714285714285714,0.12,True,WS-RATES:12:31
RS-000427,OMEGA ACRYLIC 75ML (G/S),COLORING KIT,Wholesale,Piece,,PKR,350,330,20,0.05714285714285714,0.06060606060606061,True,WS-RATES:12:32
RS-000428,CARPET LUDO SMALL,LUDO,Wholesale,Piece,,PKR,350,320,30,0.08571428571428572,0.09375,True,WS-RATES:12:33
RS-000429,ATM CARD COVER DUAL,CARD COVER,Wholesale,Piece,,PKR,700,600,100,0.14285714285714285,0.16666666666666666,True,WS-RATES:12:34
RS-000430,SIGNATURE COLOUR POINTER,POINTER,Wholesale,Piece,,PKR,230,205,25,0.10869565217391304,0.12195121951219512,True,WS-RATES:12:35
RS-000431,STAFF ATTANDANCE REGISTER IM,GATTA REGISTER,Wholesale,Piece,,PKR,350,280,70,0.2,0.25,True,WS-RATES:12:36
RS-000432,CAMEL GEOMETRY GB 200,GEOMATRIES,Wholesale,Piece,,PKR,299,244.4,54.599999999999994,0.18260869565217389,0.2234042553191489,True,WS-RATES:12:37
RS-000433,CAMEL GEOMETRY GB 99,GEOMATRIES,Wholesale,Piece,,PKR,96,84.6,11.400000000000006,0.11875000000000006,0.13475177304964547,True,WS-RATES:13:2
RS-000434,CAMEL MATH BOX 103,GEOMATRIES,Wholesale,Box,,PKR,285,268,17,0.05964912280701754,0.06343283582089553,True,WS-RATES:13:3
RS-000435,CAMEL WATER COLOUR CWC280,WATER COLORS,Wholesale,Piece,,PKR,275,258.5,16.5,0.06,0.06382978723404255,True,WS-RATES:13:4
RS-000436,CAMEL CORRECTION 433 BOX,Correction pen,Wholesale,Box,,PKR,456,428.6,27.399999999999977,0.060087719298245565,0.06392907139524026,True,WS-RATES:13:5
RS-000437,CAMEL CORRECTION 433(1 PC),Correction pen,Individual,Piece,1,PKR,38,35.7,2.299999999999997,0.06052631578947361,0.06442577030812316,True,WS-RATES:13:6
RS-000438,CAMEL STAPLER 2424,STAPLERS,Wholesale,Piece,,PKR,265,249,16,0.06037735849056604,0.0642570281124498,True,WS-RATES:13:7
RS-000439,CAMEL INK PEN 09,Fountain pen,Wholesale,Piece,,PKR,110,103.4,6.599999999999994,0.05999999999999995,0.06382978723404249,True,WS-RATES:13:8
RS-000440,CAMEL INK PEN 909,Fountain pen,Wholesale,Piece,,PKR,105,98.7,6.299999999999997,0.05999999999999997,0.06382978723404252,True,WS-RATES:13:9
RS-000441,CAMEL SHARPENER 4402B,SHARPNERS,Wholesale,Piece,,PKR,360,338.4,21.600000000000023,0.06000000000000006,0.06382978723404263,True,WS-RATES:13:10
RS-000442,CAMEL SHARPNER 5510 20PC,SHARPNERS,Wholesale,Pack,20,PKR,140,131.6,8.400000000000006,0.06000000000000004,0.0638297872340426,True,WS-RATES:13:11
RS-000443,CAMEL ERASER 1501,ERASERS,Wholesale,Piece,,PKR,350,272,78,0.22285714285714286,0.2867647058823529,True,WS-RATES:13:12
RS-000444,CAMEL ERASER 1560,ERASERS,Wholesale,Piece,,PKR,365,343,22,0.06027397260273973,0.0641399416909621,True,WS-RATES:13:13
RS-000445,CAMEL COMPASS 333,COMPASS,Wholesale,Piece,,PKR,68,63.92,4.079999999999998,0.05999999999999998,0.06382978723404252,True,WS-RATES:13:14
RS-000446,CAMEL COMPASS 444,COMPASS,Wholesale,Piece,,PKR,42,39.5,2.5,0.05952380952380952,0.06329113924050633,True,WS-RATES:13:15
RS-000447,CAMEL SCALE 12 INCH,SCALES,Wholesale,Piece,,PKR,44,38.8,5.200000000000003,0.11818181818181825,0.1340206185567011,True,WS-RATES:13:16
RS-000448,CAMEL SCALE 8 INCH,SCALES,Wholesale,Piece,,PKR,36,29,7,0.19444444444444445,0.2413793103448276,True,WS-RATES:13:17
RS-000449,CAMEL SCALE 6 INCH,SCALES,Wholesale,Piece,,PKR,23.25,19.74,3.5100000000000016,0.15096774193548393,0.17781155015197578,True,WS-RATES:13:18
RS-000450,CAMEL STAPLER 91122,STAPLERS,Wholesale,Piece,,PKR,199,187,12,0.06030150753768844,0.06417112299465241,True,WS-RATES:13:19
RS-000451,CHAMKEELI PRINT SHEET 96PC,GIFT SHEET,Wholesale,Pack,96,PKR,840,790,50,0.05952380952380952,0.06329113924050633,True,WS-RATES:13:20
RS-000452,SNOW SPRAY DANNY & KOYO,BIRTHDAY,Wholesale,Piece,,PKR,95,88,7,0.07368421052631578,0.07954545454545454,True,WS-RATES:13:21
RS-000453,GAME SCALE SINGLE,SCALES,Wholesale,Piece,,PKR,60,56,4,0.06666666666666667,0.07142857142857142,True,WS-RATES:13:22
RS-000454,TT BALL SHIELD 101,BALL,Wholesale,Piece,,PKR,35,27,8,0.22857142857142856,0.2962962962962963,True,WS-RATES:13:23
RS-000455,RACKET YONEX 1PCS,BAT,Individual,Piece,1,PKR,1150,1030,120,0.10434782608695652,0.11650485436893204,True,WS-RATES:13:24
RS-000456,SHUTTLE MAVIS 350,BAT,Wholesale,Piece,,PKR,420,380,40,0.09523809523809523,0.10526315789473684,True,WS-RATES:13:25
RS-000457,GATTA KHATA LEDGER KRS 8,GATTA REGISTER,Wholesale,Piece,,PKR,1250,1140,110,0.088,0.09649122807017543,True,WS-RATES:13:26
RS-000458,PLASTIC SHUTTLE SHAHEEN (6PC),CHINA,Wholesale,Pack,6,PKR,600,450,150,0.25,0.3333333333333333,True,WS-RATES:13:27
RS-000459,OREO 12 INCH SCALE,SCALES,Wholesale,Piece,,PKR,30,21,9,0.3,0.42857142857142855,True,WS-RATES:13:28
RS-000460,RACKET BABY 381,RACKETS,Wholesale,Piece,,PKR,430,400,30,0.06976744186046512,0.075,True,WS-RATES:13:29
RS-000461,RACKET WINNER T LESS,RACKETS,Wholesale,Piece,,PKR,950,770,180,0.18947368421052632,0.23376623376623376,True,WS-RATES:13:30
RS-000462,SPIDER D (1PCS),D,Individual,Piece,1,PKR,11,8.25,2.75,0.25,0.3333333333333333,True,WS-RATES:13:31
RS-000463,DUX INK PEN GALAXY,FOUNTAIN INK,Wholesale,Piece,,PKR,840,800,40,0.047619047619047616,0.05,True,WS-RATES:13:32
RS-000464,DUX INK PEN SKY,FOUNTAIN INK,Wholesale,Piece,,PKR,840,800,40,0.047619047619047616,0.05,True,WS-RATES:13:33
RS-000465,SM+URO 6+1 POSTER COLOUR,POSTER COLORS,Wholesale,Pack,7,PKR,120,106,14,0.11666666666666667,0.1320754716981132,True,WS-RATES:13:34
RS-000466,DAIRY,BALL POINT,Wholesale,Piece,,PKR,175,155,20,0.11428571428571428,0.12903225806451613,True,WS-RATES:13:35
RS-000467,CUTTER SMALL,CUTTERS,Wholesale,Piece,,PKR,70,60,10,0.14285714285714285,0.16666666666666666,True,WS-RATES:13:36
RS-000468,MERCURY SHINE FOUNTAIN PEN,FOUNTAIN INK,Wholesale,Piece,,PKR,510,475,35,0.06862745098039216,0.07368421052631578,True,WS-RATES:13:37
RS-000469,MERCURY FUSION FOUNTAIN PEN,FOUNTAIN INK,Wholesale,Piece,,PKR,504,475,29,0.057539682539682536,0.061052631578947365,True,WS-RATES:14:2
RS-000470,GATTA KHATA COPY 68g NO 6,GATTA REGISTER,Wholesale,Piece,,PKR,280,270,10,0.03571428571428571,0.037037037037037035,True,WS-RATES:14:3
RS-000471,POUCH 540,POUCH,Wholesale,Piece,,PKR,540,440,100,0.18518518518518517,0.22727272727272727,True,WS-RATES:14:4
RS-000472,POCKET CALCULATOR FX210NR,SHOP CALCULATOR,Wholesale,Piece,,PKR,150,127,23,0.15333333333333332,0.18110236220472442,True,WS-RATES:14:5
RS-000473,CLIP BOARD GLITTER,CHINA DAIRIES,Wholesale,Piece,,PKR,62,55,7,0.11290322580645161,0.12727272727272726,True,WS-RATES:14:6
RS-000474,PLASTIC BALL KAAN,CHINA DAIRIES,Wholesale,Piece,,PKR,120,103,17,0.14166666666666666,0.1650485436893204,True,WS-RATES:14:7
RS-000475,PLASTIC BALL NO 46,BALL POINT,Wholesale,Piece,,PKR,46,28,18,0.391304347826087,0.6428571428571429,True,WS-RATES:14:8
RS-000476,SMILEY STICKER COA-12,CHINA,Wholesale,Piece,,PKR,50,36,14,0.28,0.3888888888888889,True,WS-RATES:14:9
RS-000477,CHINA MITTI LARGE,CHINA,Wholesale,Piece,,PKR,135,112,23,0.17037037037037037,0.20535714285714285,True,WS-RATES:14:10
RS-000478,SPINNER (L),LR,Wholesale,Piece,,PKR,125,110,15,0.12,0.13636363636363635,True,WS-RATES:14:11
RS-000479,SPINNER (M),LR,Wholesale,Piece,,PKR,105,90,15,0.14285714285714285,0.16666666666666666,True,WS-RATES:14:12
RS-000480,SPINNER (S),LR,Wholesale,Piece,,PKR,80,62,18,0.225,0.2903225806451613,True,WS-RATES:14:13
RS-000481,K-9737 GEL PEN,GEL PEN,Wholesale,Piece,,PKR,600,550,50,0.08333333333333333,0.09090909090909091,True,WS-RATES:14:14
RS-000482,CITIZEIV CT-912M,SHOP CALCULATOR,Wholesale,Piece,,PKR,520,470,50,0.09615384615384616,0.10638297872340426,True,WS-RATES:14:15
RS-000483,CASIO FX-991 MS,SCIENTIFIC CALCULAT,Wholesale,Piece,,PKR,440,395,45,0.10227272727272728,0.11392405063291139,True,WS-RATES:14:16
RS-000484,CASIO MJ120T w,SHOP CALCULATOR,Wholesale,Piece,,PKR,450,405,45,0.1,0.1111111111111111,True,WS-RATES:14:17
RS-000485,FANCY GEOMATERY B5193,GEOMATRIES,Wholesale,Piece,,PKR,260,234,26,0.1,0.1111111111111111,True,WS-RATES:14:18
RS-000486,FANCY GEOMATERY 3086,GEOMATRIES,Wholesale,Piece,,PKR,320,260,60,0.1875,0.23076923076923078,True,WS-RATES:14:19
RS-000487,SPINNER,BALL POINT,Wholesale,Piece,,PKR,175,155,20,0.11428571428571428,0.12903225806451613,True,WS-RATES:14:20
RS-000488,THREE FLOWER STAMP PAD,STAPLERS,Wholesale,Piece,,PKR,60,48,12,0.2,0.25,True,WS-RATES:14:21
RS-000489,SNOW SPRAY KWIK,BIRTHDAY,Wholesale,Piece,,PKR,100,82,18,0.18,0.21951219512195122,True,WS-RATES:14:22
RS-000490,BALOON SINGLE COLOUR BABY+P,BALLOONS,Wholesale,Piece,,PKR,260,220,40,0.15384615384615385,0.18181818181818182,True,WS-RATES:14:23
RS-000491,PIANO TR19 SHARPNER,SHARPNERS,Wholesale,Piece,,PKR,500,475,25,0.05,0.05263157894736842,True,WS-RATES:14:24
RS-000492,ORO TX 7 GEL PEN,GEL PEN,Wholesale,Piece,,PKR,780,760,20,0.02564102564102564,0.02631578947368421,True,WS-RATES:14:25
RS-000493,ORO JX 7 GEL PEN,GEL PEN,Wholesale,Piece,,PKR,660,645,15,0.022727272727272728,0.023255813953488372,True,WS-RATES:14:26
RS-000494,DUX FIFA ERASER,ERASERS,Wholesale,Piece,,PKR,370,335,35,0.0945945945945946,0.1044776119402985,True,WS-RATES:14:27
RS-000495,DUX GEL PEN DX 2000 G,GEL PEN,Wholesale,Piece,,PKR,444,400,44,0.0990990990990991,0.11,True,WS-RATES:14:28
RS-000496,TT BALL DOUBLE CIRCLE,BALL POINT,Wholesale,Piece,,PKR,50,41,9,0.18,0.21951219512195122,True,WS-RATES:14:29
RS-000497,WOODEN BAT (XL),BAT,Wholesale,Piece,,PKR,1250,1100,150,0.12,0.13636363636363635,True,WS-RATES:14:30
RS-000498,NAMAZ KA MUKHTASIR TREEQA,QURAN-E-PAK,Wholesale,Piece,,PKR,40,34,6,0.15,0.17647058823529413,True,WS-RATES:14:31
RS-000499,ECONO BALL PEN,BALL POINT,Wholesale,Piece,,PKR,110,104,6,0.05454545454545454,0.057692307692307696,True,WS-RATES:14:32
RS-000500,MASK MEDI PLUS,CHINA DAIRIES,Wholesale,Piece,,PKR,170,165,5,0.029411764705882353,0.030303030303030304,True,WS-RATES:14:33
RS-000501,SALAM,BALL POINT,Wholesale,Piece,,PKR,175,155,20,0.11428571428571428,0.12903225806451613,True,WS-RATES:14:34
RS-000502,DL GUM STICK 9GM(BOX),GUM STICK,Wholesale,Box,,PKR,936,846,90,0.09615384615384616,0.10638297872340426,True,WS-RATES:14:35
RS-000503,KIDDY SET SQUARE,D-SET SQARE,Wholesale,Set,,PKR,35,30,5,0.14285714285714285,0.16666666666666666,True,WS-RATES:14:36
RS-000504,JB-4 GUM STICK (24 PCS) BOX,GUM STICK,Wholesale,Box,24,PKR,960,875,85,0.08854166666666667,0.09714285714285714,True,WS-RATES:14:37
RS-000505,JB-4 GUM STICK (1 PCS),GUM STICK,Individual,Piece,1,PKR,40,36,4,0.1,0.1111111111111111,True,WS-RATES:15:2
RS-000506,ORO 2010 ERASER (COLOUR),ERASERS,Wholesale,Piece,,PKR,340,275,65,0.19117647058823528,0.23636363636363636,True,WS-RATES:15:3
RS-000507,RAZA DRAFTING PAD LARGE,drawing copy,Wholesale,Piece,,PKR,90,85,5,0.05555555555555555,0.058823529411764705,True,WS-RATES:15:4
RS-000508,RAZA DRAFTING PAD SMALL,drawing copy,Wholesale,Piece,,PKR,50,40,10,0.2,0.25,True,WS-RATES:15:5
RS-000509,ORO INK PEN FUSION,Fountain pen,Wholesale,Piece,,PKR,640,610,30,0.046875,0.04918032786885246,True,WS-RATES:15:6
RS-000510,HAUSER (6058),GEL PEN,Wholesale,Piece,,PKR,384,330,54,0.140625,0.16363636363636364,True,WS-RATES:15:7
RS-000511,GEL PEN TUZOOO (1016),GEL PEN,Wholesale,Piece,,PKR,480,400,80,0.16666666666666666,0.2,True,WS-RATES:15:8
RS-000512,HAUSER 2 IN 1 H1158,GEL PEN,Wholesale,Piece,,PKR,720,650,70,0.09722222222222222,0.1076923076923077,True,WS-RATES:15:9
RS-000513,PIANO GEL PEN (177),GEL PEN,Wholesale,Piece,,PKR,540,480,60,0.1111111111111111,0.125,True,WS-RATES:15:10
RS-000514,BAOKE METALLIC G/S PEN,GEL PEN,Wholesale,Piece,,PKR,900,790,110,0.12222222222222222,0.13924050632911392,True,WS-RATES:15:11
RS-000515,YOLO GEL PEN,GEL PEN,Wholesale,Piece,,PKR,400,370,30,0.075,0.08108108108108109,True,WS-RATES:15:12
RS-000516,SCALE KANGHI,SCALES,Wholesale,Piece,,PKR,55,49,6,0.10909090909090909,0.12244897959183673,True,WS-RATES:15:13
RS-000517,STENCIL SCALE (2PCS),SCALES,Wholesale,Pack,2,PKR,85,67,18,0.21176470588235294,0.26865671641791045,True,WS-RATES:15:14
RS-000518,BEEDS PATTA (LONG),STICKERS,Wholesale,Piece,,PKR,80,67,13,0.1625,0.19402985074626866,True,WS-RATES:15:15
RS-000519,BEEDS PATTA (LARGE),BALL POINT,Wholesale,Piece,,PKR,65,56,9,0.13846153846153847,0.16071428571428573,True,WS-RATES:15:16
RS-000520,BEEDS PATTA (SMALL),BALL POINT,Wholesale,Piece,,PKR,60,49,11,0.18333333333333332,0.22448979591836735,True,WS-RATES:15:17
RS-000521,STICKER 3D SMILEY 201 212,STICKERS,Wholesale,Piece,,PKR,70,60,10,0.14285714285714285,0.16666666666666666,True,WS-RATES:15:18
RS-000522,SCOTCH TAPE 1/2,TAPE,Wholesale,Piece,,PKR,22,19,3,0.13636363636363635,0.15789473684210525,True,WS-RATES:15:19
RS-000523,SIKKA PENCIL GALAXY(621 2) 30,FANCY PENCIL,Wholesale,Piece,,PKR,45,42.5,2.5,0.05555555555555555,0.058823529411764705,True,WS-RATES:15:20
RS-000524,SIKKA PENCIL KANGHI SHEESHA (),FANCY PENCIL,Wholesale,Piece,,PKR,44,41.5,2.5,0.056818181818181816,0.060240963855421686,True,WS-RATES:15:21
RS-000525,POKIMO CARD (SINGLE FANCY),CARD COVER,Wholesale,Piece,,PKR,120,98,22,0.18333333333333332,0.22448979591836735,True,WS-RATES:15:22
RS-000526,POKIMON CARD CHINA,CHINA,Wholesale,Piece,,PKR,630,585,45,0.07142857142857142,0.07692307692307693,True,WS-RATES:15:23
RS-000527,FOUNTAIN PEN Z567,Fountain pen,Wholesale,Piece,,PKR,195,172,23,0.11794871794871795,0.13372093023255813,True,WS-RATES:15:24
RS-000528,FOUNTAIN PEN 9201A,Fountain pen,Wholesale,Piece,,PKR,255,235,20,0.0784313725490196,0.0851063829787234,True,WS-RATES:15:25
RS-000529,FOUNTAIN PEN A2208,Fountain pen,Wholesale,Piece,,PKR,220,200,20,0.09090909090909091,0.1,True,WS-RATES:15:26
RS-000530,10IN1 BALL PEN FANCY,CHINA DAIRIES,Wholesale,Piece,,PKR,95,82,13,0.1368421052631579,0.15853658536585366,True,WS-RATES:15:27
RS-000531,CUBE SINGLE,CHINA DAIRIES,Wholesale,Piece,,PKR,100,82,18,0.18,0.21951219512195122,True,WS-RATES:15:28
RS-000532,"SCALE 6"" STUDENT 10SALE",SCALES,Wholesale,Piece,,PKR,80,65,15,0.1875,0.23076923076923078,True,WS-RATES:15:29
RS-000533,SCISSOR OLE OLE,SCISSOR,Wholesale,Piece,,PKR,115,98,17,0.14782608695652175,0.17346938775510204,True,WS-RATES:15:30
RS-000534,SCISSOR 600,SCIENTIFIC CALCULAT,Wholesale,Piece,,PKR,600,525,75,0.125,0.14285714285714285,True,WS-RATES:15:31
RS-000535,EROREX 82MS CALCULATOR,SCIENTIFIC CALCULAT,Wholesale,Piece,,PKR,320,300,20,0.0625,0.06666666666666667,True,WS-RATES:15:32
RS-000536,TURBO MARKER,CUT MARKERS,Wholesale,Piece,,PKR,60,56,4,0.06666666666666667,0.07142857142857142,True,WS-RATES:15:33
RS-000537,CLIP BOARD TRANSPERANT MB,CLIP BOARD,Wholesale,Piece,,PKR,215,180,35,0.16279069767441862,0.19444444444444445,True,WS-RATES:15:34
RS-000538,DOLLAR ERASER,ERASERS,Wholesale,Piece,,PKR,288,280,8,0.027777777777777776,0.02857142857142857,True,WS-RATES:15:35
RS-000539,GIFT PEN BOX,CHINA,Wholesale,Box,,PKR,45,32,13,0.28888888888888886,0.40625,True,WS-RATES:15:36
RS-000540,BALL JALI,CHINA,Wholesale,Piece,,PKR,20,15,5,0.25,0.3333333333333333,True,WS-RATES:15:37
RS-000541,ORO INK PEN VINTAGE,Fountain pen,Wholesale,Piece,,PKR,740,715,25,0.033783783783783786,0.03496503496503497,True,WS-RATES:16:2
RS-000542,MERCURY SHARPNER 701 (5 SALE),SHARPNERS,Wholesale,Piece,,PKR,360,335,25,0.06944444444444445,0.07462686567164178,True,WS-RATES:16:3
RS-000543,LUDO XL,LUDO,Wholesale,Piece,,PKR,180,140,40,0.2222222222222222,0.2857142857142857,True,WS-RATES:16:4
RS-000544,A4 PLASTIC COVER (10MM),PLASTIC SHEET/ROLL,Wholesale,Piece,,PKR,27,19,8,0.2962962962962963,0.42105263157894735,True,WS-RATES:16:5
RS-000545,FAIZAN E NAMAZ,SIPARA,Wholesale,Piece,,PKR,20,17,3,0.15,0.17647058823529413,True,WS-RATES:16:6
RS-000546,A4 DRAWING SMALL,drawing copy,Wholesale,Piece,,PKR,60,51,9,0.15,0.17647058823529413,True,WS-RATES:16:7
RS-000547,DOLLAR SP 10 JAR,INK PEN,Wholesale,Jar,,PKR,1084,1052,32,0.02952029520295203,0.030418250950570342,True,WS-RATES:16:8
RS-000548,SLATE NEELAM,BALL POINT,Wholesale,Piece,,PKR,95,82,13,0.1368421052631579,0.15853658536585366,True,WS-RATES:16:9
RS-000549,CTIFREE 991ES 2ND EDITION,BALL POINT,Wholesale,Piece,,PKR,1010,860,150,0.1485148514851485,0.1744186046511628,True,WS-RATES:16:10
RS-000550,OFFICE BASICS PEN,BALL POINT,Wholesale,Piece,,PKR,130,105,25,0.19230769230769232,0.23809523809523808,True,WS-RATES:16:11
RS-000551,FOUNTAIN PEN DOUBLE SIDE 903,Fountain pen,Wholesale,Piece,,PKR,250,225,25,0.1,0.1111111111111111,True,WS-RATES:16:12
RS-000552,FOUNTAIN PEN TRUE COLOUR,Fountain pen,Wholesale,Piece,,PKR,230,205,25,0.10869565217391304,0.12195121951219512,True,WS-RATES:16:13
RS-000553,FUR DAIRY,CHINA DAIRIES,Wholesale,Piece,,PKR,420,370,50,0.11904761904761904,0.13513513513513514,True,WS-RATES:16:14
RS-000554,SHEESHA KANGHI SIKKA PENCIL(4),FANCY PENCIL,Wholesale,Piece,,PKR,1920,1680,240,0.125,0.14285714285714285,True,WS-RATES:16:15
RS-000555,GAME SIKKA PENCIL(32PC),FANCY PENCIL,Wholesale,Pack,32,PKR,1280,1185,95,0.07421875,0.08016877637130802,True,WS-RATES:16:16
RS-000556,KIDCO WATER COLOUR BRUSH M,MARKER,Wholesale,Piece,,PKR,310,290,20,0.06451612903225806,0.06896551724137931,True,WS-RATES:16:17
RS-000557,KIDCO PENCIL BOX K900,pencil box,Wholesale,Box,,PKR,145,108,37,0.25517241379310346,0.3425925925925926,True,WS-RATES:16:18
RS-000558,KIDCO ERSER J545,ERASERS,Wholesale,Piece,,PKR,350,315,35,0.1,0.1111111111111111,True,WS-RATES:16:19
RS-000559,PAPER CLIP 33MM,STAPLERS,Wholesale,Piece,,PKR,500,465,35,0.07,0.07526881720430108,True,WS-RATES:16:20
RS-000560,COLOURING BOOK LARGE (NEW),BALL POINT,Wholesale,Piece,,PKR,300,250,50,0.16666666666666666,0.2,True,WS-RATES:16:21
RS-000561,PAPER FASTNER,BALL POINT,Wholesale,Piece,,PKR,175,155,20,0.11428571428571428,0.12903225806451613,True,WS-RATES:16:22
RS-000562,STICKY NOTE Z29,STICKY NOTE,Wholesale,Piece,,PKR,215,190,25,0.11627906976744186,0.13157894736842105,True,WS-RATES:16:23
RS-000563,STICKY NOTE Z15DK,STICKY NOTE,Wholesale,Piece,,PKR,260,243,17,0.06538461538461539,0.06995884773662552,True,WS-RATES:16:24
RS-000564,STICKY NOTE Y08,STICKY NOTE,Wholesale,Piece,,PKR,220,202,18,0.08181818181818182,0.0891089108910891,True,WS-RATES:16:25
RS-000565,STICKY NOTE Z27,STICKY NOTE,Wholesale,Piece,,PKR,190,172,18,0.09473684210526316,0.10465116279069768,True,WS-RATES:16:26
RS-000566,STICKY NOTE Z17-1,STICKY NOTE,Wholesale,Piece,,PKR,200,180,20,0.1,0.1111111111111111,True,WS-RATES:16:27
RS-000567,STICKY NOTE P96,STICKY NOTE,Wholesale,Piece,,PKR,160,142,18,0.1125,0.1267605633802817,True,WS-RATES:16:28
RS-000568,STICKY NOTE Z16,STICKY NOTE,Wholesale,Piece,,PKR,170,152,18,0.10588235294117647,0.11842105263157894,True,WS-RATES:16:29
RS-000569,STICKY NOTE P19,STICKY NOTE,Wholesale,Piece,,PKR,80,79,1,0.0125,0.012658227848101266,True,WS-RATES:16:30
RS-000570,STICKY NOTE P16.1,STICKY NOTE,Wholesale,Piece,,PKR,120,102,18,0.15,0.17647058823529413,True,WS-RATES:16:31
RS-000571,STICKEY NOTE P100,STICKY NOTE,Wholesale,Piece,,PKR,120,102,18,0.15,0.17647058823529413,True,WS-RATES:16:32
RS-000572,SCISSOR 2712,SCISSOR,Wholesale,Piece,,PKR,220,195,25,0.11363636363636363,0.1282051282051282,True,WS-RATES:16:33
RS-000573,SCISSOR CY2701,SCISSOR,Wholesale,Piece,,PKR,340,300,40,0.11764705882352941,0.13333333333333333,True,WS-RATES:16:34
RS-000574,SCISSOR DL3172,SCISSOR,Wholesale,Piece,,PKR,430,390,40,0.09302325581395349,0.10256410256410256,True,WS-RATES:16:35
RS-000575,BALOON MILKY 100PCS,BALLOONS,Wholesale,Pack,100,PKR,290,255,35,0.1206896551724138,0.13725490196078433,True,WS-RATES:16:36
RS-000576,STICKER YK002,STICKERS,Wholesale,Piece,,PKR,55,35,20,0.36363636363636365,0.5714285714285714,True,WS-RATES:16:37
RS-000577,STICKER WXAA,STICKERS,Wholesale,Piece,,PKR,65,51,14,0.2153846153846154,0.27450980392156865,True,WS-RATES:17:2
RS-000578,STICKER TLG004,STICKERS,Wholesale,Piece,,PKR,55,40,15,0.2727272727272727,0.375,True,WS-RATES:17:3
RS-000579,STICKER YH99,STICKERS,Wholesale,Piece,,PKR,100,57,43,0.43,0.7543859649122807,True,WS-RATES:17:4
RS-000580,STICKER TJA ABC,STICKERS,Wholesale,Piece,,PKR,85,66,19,0.2235294117647059,0.2878787878787879,True,WS-RATES:17:5
RS-000581,STICKER TJK ABC,STICKERS,Wholesale,Piece,,PKR,70,65,5,0.07142857142857142,0.07692307692307693,True,WS-RATES:17:6
RS-000582,2026 DAIRY 2000,CHINA DAIRIES,Wholesale,Piece,,PKR,1100,1010,90,0.08181818181818182,0.0891089108910891,True,WS-RATES:17:7
RS-000583,2026 DAIRY 1100,CHINA DAIRIES,Wholesale,Piece,,PKR,620,560,60,0.0967741935483871,0.10714285714285714,True,WS-RATES:17:8
RS-000584,2026 DAIRY 835,CHINA DAIRIES,Wholesale,Piece,,PKR,460,420,40,0.08695652173913043,0.09523809523809523,True,WS-RATES:17:9
RS-000585,2026 DAIRY 650,CHINA DAIRIES,Wholesale,Piece,,PKR,370,330,40,0.10810810810810811,0.12121212121212122,True,WS-RATES:17:10
RS-000586,SUBJECT REGISTER NO 4,RING REGISTERS,Wholesale,Piece,,PKR,270,225,45,0.16666666666666666,0.2,True,WS-RATES:17:11
RS-000587,USAMA SKETCH BOOK 30,drawing copy,Wholesale,Piece,,PKR,160,135,25,0.15625,0.18518518518518517,True,WS-RATES:17:12
RS-000588,HOME WORK DAIRY 75,DIARIES,Wholesale,Piece,,PKR,75,62,13,0.17333333333333334,0.20967741935483872,True,WS-RATES:17:13
RS-000589,DRAFTING PAD LARGE,CHINA,Wholesale,Piece,,PKR,100,67,33,0.33,0.4925373134328358,True,WS-RATES:17:14
RS-000590,DRAFTING PAD MEDIUM,CHINA,Wholesale,Piece,,PKR,40,35,5,0.125,0.14285714285714285,True,WS-RATES:17:15
RS-000591,FILE FLAPER,CHINA DAIRIES,Wholesale,Piece,,PKR,20,14,6,0.3,0.42857142857142855,True,WS-RATES:17:16
RS-000592,DAY BOOK NO 200,GATTA REGISTER,Wholesale,Piece,,PKR,600,520,80,0.13333333333333333,0.15384615384615385,True,WS-RATES:17:17
RS-000593,LUDDO DANA COLOUR(18MM),CHINA,Wholesale,Piece,,PKR,16,13.5,2.5,0.15625,0.18518518518518517,True,WS-RATES:17:18
RS-000594,UNI EYE (BOX),GEL PEN,Wholesale,Box,,PKR,3120,3000,120,0.038461538461538464,0.04,True,WS-RATES:17:19
RS-000595,UNI SIGNO (BOX),GEL PEN,Wholesale,Box,,PKR,1500,1280,220,0.14666666666666667,0.171875,True,WS-RATES:17:20
RS-000596,3D STICKERS SMALL NEW,STICKERS,Wholesale,Piece,,PKR,70,55,15,0.21428571428571427,0.2727272727272727,True,WS-RATES:17:21
RS-000597,3D STICKER NEW (1PCS),STICKERS,Individual,Piece,1,PKR,125,100,25,0.2,0.25,True,WS-RATES:17:22
RS-000598,ORO OKTAVE STAPLER (24/6),STAPLERS,Wholesale,Piece,,PKR,370,330,40,0.10810810810810811,0.12121212121212122,True,WS-RATES:17:23
RS-000599,MERCURY BRITO POINTER,POINTER,Wholesale,Piece,,PKR,225,209,16,0.07111111111111111,0.07655502392344497,True,WS-RATES:17:24
RS-000600,AIR PUMP SMALL,CHINA,Wholesale,Piece,,PKR,350,295,55,0.15714285714285714,0.1864406779661017,True,WS-RATES:17:25
RS-000601,BAT GRIPPER (CONE),BALL POINT,Wholesale,Piece,,PKR,165,135,30,0.18181818181818182,0.2222222222222222,True,WS-RATES:17:26
RS-000602,HAND GRIP ADGESTABLE,HAND GRIP,Wholesale,Piece,,PKR,380,355,25,0.06578947368421052,0.07042253521126761,True,WS-RATES:17:27
RS-000603,WRIST BAND,CHINA,Wholesale,Piece,,PKR,260,230,30,0.11538461538461539,0.13043478260869565,True,WS-RATES:17:28
RS-000604,130 NEAT REGISTER,BALL POINT,Wholesale,Piece,,PKR,175,155,20,0.11428571428571428,0.12903225806451613,True,WS-RATES:17:29
RS-000605,BALOON MULTI LARGE,CHINA,Wholesale,Piece,,PKR,190,140,50,0.2631578947368421,0.35714285714285715,True,WS-RATES:17:30
RS-000606,FOUNTAIN PEN,Fountain pen,Wholesale,Piece,,PKR,620,589,31,0.05,0.05263157894736842,True,WS-RATES:17:31
RS-000607,DEER TIKON RUBBER TIP JAR(48P),PENCIL JAR,Wholesale,Jar,48,PKR,430,348,82,0.19069767441860466,0.23563218390804597,True,WS-RATES:17:32
RS-000608,40 NUMBER RAZA REGISTER (L),REGISTERS,Wholesale,Piece,,PKR,260,250,10,0.038461538461538464,0.04,True,WS-RATES:17:33
RS-000609,DEER SUPER EXCEL PENCIL R/T,PENCILS,Wholesale,Piece,,PKR,96,80,16,0.16666666666666666,0.2,True,WS-RATES:17:34
RS-000610,PAK MATE A4 70GM PAPER,PAPER,Wholesale,Piece,,PKR,830,805,25,0.030120481927710843,0.031055900621118012,True,WS-RATES:17:35
RS-000611,COPY MATE A4 80GM PAPER,PAPER,Wholesale,Piece,,PKR,1030,990,40,0.038834951456310676,0.04040404040404041,True,WS-RATES:17:36
RS-000612,COPY MATE A4 70GM PAPER,PAPER,Wholesale,Piece,,PKR,890,825,65,0.07303370786516854,0.07878787878787878,True,WS-RATES:17:37
RS-000613,MASTER 2 IN 1 0405 MARKER,MARKER,Wholesale,Piece,,PKR,340,325,15,0.04411764705882353,0.046153846153846156,True,WS-RATES:18:2
RS-000614,CHISHTI TABLES BOOK 040,drawing copy,Wholesale,Piece,,PKR,35,26,9,0.2571428571428571,0.34615384615384615,True,WS-RATES:18:3
RS-000615,CHISHTI TABLES BOOK 041,drawing copy,Wholesale,Piece,,PKR,30,21,9,0.3,0.42857142857142855,True,WS-RATES:18:4
RS-000616,SIKKA PENCIL FAN (48PCS),FANCY PENCIL,Wholesale,Pack,48,PKR,1020,940,80,0.0784313725490196,0.0851063829787234,True,WS-RATES:18:5
RS-000617,SCOTCH,SCOTCH TAPE,Wholesale,Piece,,PKR,180,140,40,0.2222222222222222,0.2857142857142857,True,WS-RATES:18:6
RS-000618,TANGO PC 24 FULL COLOUR,CHINA,Wholesale,Piece,,PKR,275,255,20,0.07272727272727272,0.0784313725490196,True,WS-RATES:18:7
RS-000619,ROUND CANVAS 10 INCH,BALL POINT,Wholesale,Piece,,PKR,210,185,25,0.11904761904761904,0.13513513513513514,True,WS-RATES:18:8
RS-000620,MERCURY FUSION PENCIL 4110,PENCILS,Wholesale,Piece,,PKR,150,136,14,0.09333333333333334,0.10294117647058823,True,WS-RATES:18:9
RS-000621,SANAAA PHOTO PAPER 260G (20P),CHINA DAIRIES,Wholesale,Pack,20,PKR,320,275,45,0.140625,0.16363636363636364,True,WS-RATES:18:10
RS-000622,SANAAA PHOTO PAPER 230G (20P),CHINA DAIRIES,Wholesale,Pack,20,PKR,280,245,35,0.125,0.14285714285714285,True,WS-RATES:18:11
RS-000623,SANAAA PHOTO PAPER 180G (20P),CHINA DAIRIES,Wholesale,Pack,20,PKR,240,200,40,0.16666666666666666,0.2,True,WS-RATES:18:12
RS-000624,LAMINATION 63X93X250 (50PCS),CHINA DAIRIES,Wholesale,Pack,50,PKR,500,450,50,0.1,0.1111111111111111,True,WS-RATES:18:13
RS-000625,LAMINATION 75X100X250 (60PCS),CHINA DAIRIES,Wholesale,Pack,60,PKR,510,460,50,0.09803921568627451,0.10869565217391304,True,WS-RATES:18:14
RS-000626,LAMINATION A4 80 MIC (100PCS),CHINA DAIRIES,Wholesale,Pack,100,PKR,1100,1000,100,0.09090909090909091,0.1,True,WS-RATES:18:15
RS-000627,GLAZE SHEET (12PCS),GIFT SHEET,Wholesale,Pack,12,PKR,150,130,20,0.13333333333333333,0.15384615384615385,True,WS-RATES:18:16
RS-000628,PIANO MATH BOX 504,GEOMATRIES,Wholesale,Box,,PKR,290,276,14,0.04827586206896552,0.050724637681159424,True,WS-RATES:18:17
RS-000629,RUBBER BAND 200G PACK,CHINA DAIRIES,Wholesale,Pack,,PKR,250,220,30,0.12,0.13636363636363635,True,WS-RATES:18:18
RS-000630,TEMPO ST 10,MARKER COLOR,Wholesale,Piece,,PKR,104,99,5,0.04807692307692308,0.050505050505050504,True,WS-RATES:18:19
RS-000631,M&G TABLE PEN,BALL POINT,Wholesale,Piece,,PKR,150,126,24,0.16,0.19047619047619047,True,WS-RATES:18:20
RS-000632,CHINA PENCIL W/R,PENCILS,Wholesale,Piece,,PKR,140,132,8,0.05714285714285714,0.06060606060606061,True,WS-RATES:18:21
RS-000633,CHINA PENCIL R/T,PENCILS,Wholesale,Piece,,PKR,150,142,8,0.05333333333333334,0.056338028169014086,True,WS-RATES:18:22
RS-000634,ORO GUM STICK 8G(1PC),GUM STICK,Individual,Piece,1,PKR,46,43.7,2.299999999999997,0.04999999999999994,0.052631578947368356,True,WS-RATES:18:23
RS-000635,SMILY MAGNET PATTA LARGE,CHINA,Wholesale,Piece,,PKR,180,156,24,0.13333333333333333,0.15384615384615385,True,WS-RATES:18:24
RS-000636,SMILY MAGNET PATTA SMALL,CHINA,Wholesale,Piece,,PKR,170,146,24,0.1411764705882353,0.1643835616438356,True,WS-RATES:18:25
RS-000637,177 CELL AA (40PCS),CHINA DAIRIES,Wholesale,Pack,40,PKR,810,760,50,0.06172839506172839,0.06578947368421052,True,WS-RATES:18:26
RS-000638,177 CELL AAA (40PCS),CHINA DAIRIES,Wholesale,Pack,40,PKR,710,660,50,0.07042253521126761,0.07575757575757576,True,WS-RATES:18:27
RS-000639,SK SONY CELL AA (40PCS),CHINA DAIRIES,Wholesale,Pack,40,PKR,810,760,50,0.06172839506172839,0.06578947368421052,True,WS-RATES:18:28
RS-000640,SK SONY CELL AAA (40PCS),CHINA DAIRIES,Wholesale,Pack,40,PKR,710,660,50,0.07042253521126761,0.07575757575757576,True,WS-RATES:18:29
RS-000641,LASER LIGHT LARGE PACK,PENCILS,Wholesale,Pack,,PKR,1200,1100,100,0.08333333333333333,0.09090909090909091,True,WS-RATES:18:30
RS-000642,SIKKA PENCIL GAME (36pcs),PENCILS,Wholesale,Pack,36,PKR,1440,1380,60,0.041666666666666664,0.043478260869565216,True,WS-RATES:18:31
RS-000643,DOUBLE WHOLE PUNCH (SX 8230),CHINA DAIRIES,Wholesale,Piece,,PKR,200,185,15,0.075,0.08108108108108109,True,WS-RATES:18:32
RS-000644,DL 21G GUM STICK,GUM STICK,Wholesale,Piece,,PKR,75,62,13,0.17333333333333334,0.20967741935483872,True,WS-RATES:18:33
RS-000645,DL 36G GUM STICK,GUM STICK,Wholesale,Piece,,PKR,140,120,20,0.14285714285714285,0.16666666666666666,True,WS-RATES:18:34
RS-000646,PLASTIC BALL NO 150,BALL POINT,Wholesale,Piece,,PKR,150,120,30,0.2,0.25,True,WS-RATES:18:35
RS-000647,PLASTIC BALL NO 65,BALL POINT,Wholesale,Piece,,PKR,65,55,10,0.15384615384615385,0.18181818181818182,True,WS-RATES:18:36
RS-000648,KEFAYAT BIG BALL PEN (50PCS),BALL POINT,Wholesale,Pack,50,PKR,1150,1040,110,0.09565217391304348,0.10576923076923077,True,WS-RATES:18:37
RS-000649,NYX ERASER N45,ERASERS,Wholesale,Piece,,PKR,240,205,35,0.14583333333333334,0.17073170731707318,True,WS-RATES:19:2
RS-000650,THUMB PIN ART 909 1,CHINA,Wholesale,Piece,,PKR,550,480,70,0.12727272727272726,0.14583333333333334,True,WS-RATES:19:3
RS-000651,BRITO MARKER,BALL POINT,Wholesale,Piece,,PKR,175,155,20,0.11428571428571428,0.12903225806451613,True,WS-RATES:19:4
RS-000652,SURAH E MULK S10B,QURAN-E-PAK,Wholesale,Piece,,PKR,35,32,3,0.08571428571428572,0.09375,True,WS-RATES:19:5
RS-000653,LAMINATION SHEETS,BALL POINT,Wholesale,Piece,,PKR,175,155,20,0.11428571428571428,0.12903225806451613,True,WS-RATES:19:6
RS-000654,PHOTO SHEETS,BALL POINT,Wholesale,Piece,,PKR,175,155,20,0.11428571428571428,0.12903225806451613,True,WS-RATES:19:7
RS-000655,DOLLAR NEON 48PCS DISPLAY,HIGHLIGHTER,Wholesale,Pack,48,PKR,2250,2180,70,0.03111111111111111,0.03211009174311927,True,WS-RATES:19:8
RS-000656,TANGO 12 HALF COLOUR PENCIL,PENCIL COLOR,Wholesale,Piece,,PKR,70,68,2,0.02857142857142857,0.029411764705882353,True,WS-RATES:19:9
RS-000657,VISITING CARD HOLDER ELPHA,CHINA,Wholesale,Piece,,PKR,80,65,15,0.1875,0.23076923076923078,True,WS-RATES:19:10
RS-000658,ORO TRITUK PENCIL,PENCILS,Wholesale,Piece,,PKR,188,175,13,0.06914893617021277,0.07428571428571429,True,WS-RATES:19:11
RS-000659,POUCH 480 (12PCS),POUCH,Wholesale,Pack,12,PKR,480,380,100,0.20833333333333334,0.2631578947368421,True,WS-RATES:19:12
RS-000660,POUCH 65 (1PCS),POUCH,Individual,Piece,1,PKR,65,55,10,0.15384615384615385,0.18181818181818182,True,WS-RATES:19:13
RS-000661,POUCH 80 (1PCS),POUCH,Individual,Piece,1,PKR,80,60,20,0.25,0.3333333333333333,True,WS-RATES:19:14
RS-000662,STICKOO 50 GM,UHU,Wholesale,Piece,,PKR,245,240,5,0.02040816326530612,0.020833333333333332,True,WS-RATES:19:15
RS-000663,PRICE TAG WHITE TICO,CHINA,Wholesale,Piece,,PKR,350,310,40,0.11428571428571428,0.12903225806451613,True,WS-RATES:19:16
RS-000664,GERMAN GLUE NOZAL,GERMAN GLUE,Wholesale,Piece,,PKR,40,34,6,0.15,0.17647058823529413,True,WS-RATES:19:17
RS-000665,DHOLKI DISPLAY,DISPLAY,Wholesale,Piece,,PKR,160,135,25,0.15625,0.18518518518518517,True,WS-RATES:19:18
RS-000666,FANCY GEOMATERY NO A 988,FANCY GEOMETRY,Wholesale,Piece,,PKR,900,840,60,0.06666666666666667,0.07142857142857142,True,WS-RATES:19:19
RS-000667,FISH WIRE,BALL POINT,Wholesale,Piece,,PKR,60,53,7,0.11666666666666667,0.1320754716981132,True,WS-RATES:19:20
RS-000668,THERMAPORE SHEET,BALL POINT,Wholesale,Piece,,PKR,550,530,20,0.03636363636363636,0.03773584905660377,True,WS-RATES:19:21
RS-000669,STICKEY NOTE 2X3 COLOUR,STICKY NOTE,Wholesale,Piece,,PKR,45,38,7,0.15555555555555556,0.18421052631578946,True,WS-RATES:19:22
RS-000670,"SCOTCH TAPE 3""",SCOTCH TAPE,Wholesale,Piece,,PKR,140,105,35,0.25,0.3333333333333333,True,WS-RATES:19:23
RS-000671,BOCKET FANCY SHEET (96PCS),GIFT SHEET,Wholesale,Pack,96,PKR,1650,1470,180,0.10909090909090909,0.12244897959183673,True,WS-RATES:19:24
RS-000672,FANCY GEOMATERY A-8806,pencil box,Wholesale,Piece,,PKR,900,840,60,0.06666666666666667,0.07142857142857142,True,WS-RATES:19:25
RS-000673,ALBUM FILE 60 POCKET (MIDGO),FILE,Wholesale,Piece,,PKR,270,235,35,0.12962962962962962,0.14893617021276595,True,WS-RATES:19:26
RS-000674,ALBUM FILE 40 POCKET (MIDGO),FILE,Wholesale,Piece,,PKR,210,180,30,0.14285714285714285,0.16666666666666666,True,WS-RATES:19:27
RS-000675,ALBUM FILE 30 POCKET (MIDGO),FILE,Wholesale,Piece,,PKR,180,150,30,0.16666666666666666,0.2,True,WS-RATES:19:28
RS-000676,ALBUM FILE 20 POCKET (MIDGO),FILE,Wholesale,Piece,,PKR,150,125,25,0.16666666666666666,0.2,True,WS-RATES:19:29
RS-000677,ALBUM FILE 10 POCKET (MIDCO),FILE,Wholesale,Piece,,PKR,110,90,20,0.18181818181818182,0.2222222222222222,True,WS-RATES:19:30
RS-000678,DUX POP PENCIL (24pc),PENCILS,Wholesale,Pack,24,PKR,372,356,16,0.043010752688172046,0.0449438202247191,True,WS-RATES:19:31
RS-000679,DOUBLE HOLE PUNCH 104 THREE,STAPLERS,Wholesale,Piece,,PKR,1000,960,40,0.04,0.041666666666666664,True,WS-RATES:19:32
RS-000680,DOUBLE HOLE PUNCH 102 THREE,STAPLERS,Wholesale,Piece,,PKR,600,565,35,0.058333333333333334,0.061946902654867256,True,WS-RATES:19:33
RS-000681,DOUBLE HOLE PUNCH 137 THREE,STAPLERS,Wholesale,Piece,,PKR,460,425,35,0.07608695652173914,0.08235294117647059,True,WS-RATES:19:34
RS-000682,MERCURY 8410 METALO PENCIL,PENCIL JAR,Wholesale,Piece,,PKR,172,149,23,0.13372093023255813,0.15436241610738255,True,WS-RATES:19:35
RS-000683,MERCURY TWINKLE PENCIL,PENCIL JAR,Wholesale,Piece,,PKR,178,166,12,0.06741573033707865,0.07228915662650602,True,WS-RATES:19:36
RS-000684,MERCURY 8220 PENCIL (GLASS),PENCIL JAR,Wholesale,Piece,,PKR,748,680,68,0.09090909090909091,0.1,True,WS-RATES:19:37
RS-000685,DOLLAR QALAM MARKER,CUT MARKERS,Wholesale,Piece,,PKR,132,126.5,5.5,0.041666666666666664,0.043478260869565216,True,WS-RATES:20:2
RS-000686,ORO 12 COLOUR FULL NO 201,PENCIL COLOR,Wholesale,Piece,,PKR,210,194,16,0.0761904761904762,0.08247422680412371,True,WS-RATES:20:3
RS-000687,CHINA STAPLER PIN 24/6(BOX),STAPLER PIN,Wholesale,Box,,PKR,400,380,20,0.05,0.05263157894736842,True,WS-RATES:20:4
RS-000688,CT 9814 CALCULATOR,SCIENTIFIC CALCULAT,Wholesale,Piece,,PKR,780,670,110,0.14102564102564102,0.16417910447761194,True,WS-RATES:20:5
RS-000689,CTIFREE ECO-007G,SCIENTIFIC CALCULAT,Wholesale,Piece,,PKR,950,870,80,0.08421052631578947,0.09195402298850575,True,WS-RATES:20:6
RS-000690,QURAN PAK 111,SIPARA,Wholesale,Piece,,PKR,925,835,90,0.0972972972972973,0.10778443113772455,True,WS-RATES:20:7
RS-000691,Dux 12 inch scale,SCALES,Wholesale,Piece,,PKR,42,40,2,0.047619047619047616,0.05,True,WS-RATES:20:8
RS-000692,CLIP BOARD MURAKO(1PC),CLIP BOARD,Individual,Piece,1,PKR,85,76,9,0.10588235294117647,0.11842105263157894,True,WS-RATES:20:9
RS-000693,CLIP BOARD TASWEERI U,CLIP BOARD,Wholesale,Piece,,PKR,60,55,5,0.08333333333333333,0.09090909090909091,True,WS-RATES:20:10
RS-000694,CLIP BOARD TASWEERI 1 SOOTER,CLIP BOARD,Wholesale,Piece,,PKR,58,44,14,0.2413793103448276,0.3181818181818182,True,WS-RATES:20:11
RS-000695,170 NUMBER ROUGH REGISTER,REGISTERS,Wholesale,Piece,,PKR,85,81,4,0.047058823529411764,0.04938271604938271,True,WS-RATES:20:12
RS-000696,150 NUMBER ROUGH REGISTER,REGISTERS,Wholesale,Piece,,PKR,75,71,4,0.05333333333333334,0.056338028169014086,True,WS-RATES:20:13
RS-000697,PAK SHARPNER 5 SALE 937 100PC,SHARPNERS,Wholesale,Pack,100,PKR,360,325,35,0.09722222222222222,0.1076923076923077,True,WS-RATES:20:14
RS-000698,G/F SKETCH PENCIL (NEW),PENCILS,Wholesale,Piece,,PKR,275,255,20,0.07272727272727272,0.0784313725490196,True,WS-RATES:20:15
RS-000699,SHARK ERASER 560,ERASERS,Wholesale,Piece,,PKR,350,328,22,0.06285714285714286,0.06707317073170732,True,WS-RATES:20:16
RS-000700,SHARK ERASER 530,ERASERS,Wholesale,Piece,,PKR,240,222,18,0.075,0.08108108108108109,True,WS-RATES:20:17
RS-000701,SHARK ERASER 548,ERASERS,Wholesale,Piece,,PKR,370,347,23,0.062162162162162166,0.06628242074927954,True,WS-RATES:20:18
RS-000702,SHARK ERASER 540,ERASERS,Wholesale,Piece,,PKR,180,165,15,0.08333333333333333,0.09090909090909091,True,WS-RATES:20:19
RS-000703,SHARK ERASER 672,ERASERS,Wholesale,Piece,,PKR,270,257,13,0.04814814814814815,0.05058365758754864,True,WS-RATES:20:20
RS-000704,SHARK ERASER 972,ERASERS,Wholesale,Piece,,PKR,210,186,24,0.11428571428571428,0.12903225806451613,True,WS-RATES:20:21
RS-000705,SHARK ERASER 472,ERASERS,Wholesale,Piece,,PKR,210,186,24,0.11428571428571428,0.12903225806451613,True,WS-RATES:20:22
RS-000706,ORCHARD PENCIL 48 PCS JAR,PENCILS,Wholesale,Jar,48,PKR,600,544,56,0.09333333333333334,0.10294117647058823,True,WS-RATES:20:23
RS-000707,ORCHARD PENCIL BOX,PENCILS,Wholesale,Box,,PKR,150,136,14,0.09333333333333334,0.10294117647058823,True,WS-RATES:20:24
RS-000708,TANGO PC COLOUR 12 FULL,PENCIL COLOR,Wholesale,Piece,,PKR,164,152,12,0.07317073170731707,0.07894736842105263,True,WS-RATES:20:25
RS-000709,TANGO PC COLOUR 12 HALF,PENCIL COLOR,Wholesale,Piece,,PKR,82,74,8,0.0975609756097561,0.10810810810810811,True,WS-RATES:20:26
RS-000710,CUTTER WITH BLADE,CHINA DAIRIES,Wholesale,Piece,,PKR,180,160,20,0.1111111111111111,0.125,True,WS-RATES:20:27
RS-000711,GATTA KHATA LEDGER 68g N0 6,GATTA REGISTER,Wholesale,Piece,,PKR,540,460,80,0.14814814814814814,0.17391304347826086,True,WS-RATES:20:28
RS-000712,GATTA KHATA LEDGER 68g NO 5,GATTA REGISTER,Wholesale,Piece,,PKR,450,380,70,0.15555555555555556,0.18421052631578946,True,WS-RATES:20:29
RS-000713,DUX HEAVY DUTY STAPLER 3500,STAPLERS,Wholesale,Piece,,PKR,4600,3980,620,0.13478260869565217,0.15577889447236182,True,WS-RATES:20:30
RS-000714,DUX HEAVY DUTY STAPLER 2500,STAPLERS,Wholesale,Piece,,PKR,3600,2950,650,0.18055555555555555,0.22033898305084745,True,WS-RATES:20:31
RS-000715,CHINA PAINT MARKER SMALL,PAINT MARKERS,Wholesale,Piece,,PKR,85,75,10,0.11764705882352941,0.13333333333333333,True,WS-RATES:20:32
RS-000716,DUX SMILEY ERASER JAR,ERASERS,Wholesale,Jar,,PKR,370,335,35,0.0945945945945946,0.1044776119402985,True,WS-RATES:20:33
RS-000717,DUX 24 COLOUR PENCIL BOX,PENCIL COLOR,Wholesale,Box,,PKR,530,510,20,0.03773584905660377,0.0392156862745098,True,WS-RATES:20:34
RS-000718,DUX SPRING PEN,Fountain pen,Wholesale,Piece,,PKR,710,663,47,0.06619718309859154,0.07088989441930618,True,WS-RATES:20:35
RS-000719,ORO R6 GALAXY,GEL PEN,Wholesale,Piece,,PKR,340,320,20,0.058823529411764705,0.0625,True,WS-RATES:20:36
RS-000720,WHITE BOARD QAIDA,QAIDA,Wholesale,Piece,,PKR,140,120,20,0.14285714285714285,0.16666666666666666,True,WS-RATES:20:37
RS-000721,",,,,,,,,,,",GATTA REGISTER,Wholesale,Piece,,PKR,540,450,90,0.16666666666666666,0.2,True,WS-RATES:21:2
RS-000722,",,,,,",GATTA REGISTER,Wholesale,Piece,,PKR,450,375,75,0.16666666666666666,0.2,True,WS-RATES:21:3
RS-000723,DUX COMPASS(BOX),COMPASS,Wholesale,Box,,PKR,912,840,72,0.07894736842105263,0.08571428571428572,True,WS-RATES:21:4
RS-000724,STICKER BUTTER FLY 4PC,STICKERS,Wholesale,Pack,4,PKR,55,45,10,0.18181818181818182,0.2222222222222222,True,WS-RATES:21:5
RS-000725,STICKER BUTTER FLY 3PC,STICKERS,Wholesale,Pack,3,PKR,45,38,7,0.15555555555555556,0.18421052631578946,True,WS-RATES:21:6
RS-000726,TAKHTI LARGE,SLATES,Wholesale,Piece,,PKR,95,85,10,0.10526315789473684,0.11764705882352941,True,WS-RATES:21:7
RS-000727,320 NUMBER ROUGH REGISTER,REGISTERS,Wholesale,Piece,,PKR,160,152,8,0.05,0.05263157894736842,True,WS-RATES:21:8
RS-000728,GATTA DAY BOOK HALF 70,GATTA REGISTER,Wholesale,Piece,,PKR,140,110,30,0.21428571428571427,0.2727272727272727,True,WS-RATES:21:9
RS-000729,SHARPNER GLORY 50 PC,SHARPNERS,Wholesale,Pack,50,PKR,360,335,25,0.06944444444444445,0.07462686567164178,True,WS-RATES:21:10
RS-000730,SHUTTLE WECAN 6PCS,BALL,Wholesale,Pack,6,PKR,660,530,130,0.19696969696969696,0.24528301886792453,True,WS-RATES:21:11
RS-000731,SHUTTLE IMRAN GOLD+JAGGA,BALL,Wholesale,Piece,,PKR,1080,1000,80,0.07407407407407407,0.08,True,WS-RATES:21:12
RS-000732,200 GRAM BALL,BALL,Wholesale,Piece,,PKR,290,240,50,0.1724137931034483,0.20833333333333334,True,WS-RATES:21:13
RS-000733,DOLLAR COLOUR STIC (POUCH),MARKER,Wholesale,Piece,,PKR,210,204,6,0.02857142857142857,0.029411764705882353,True,WS-RATES:21:14
RS-000734,DOLLAR COLOUR STIC (BOX),MARKER,Wholesale,Box,,PKR,175,170,5,0.02857142857142857,0.029411764705882353,True,WS-RATES:21:15
RS-000735,TAKHTI SMALL,SLATES,Wholesale,Piece,,PKR,75,65,10,0.13333333333333333,0.15384615384615385,True,WS-RATES:21:16
RS-000736,PRICE TAG WHITE DL,CHINA,Wholesale,Piece,,PKR,250,220,30,0.12,0.13636363636363635,True,WS-RATES:21:17
RS-000737,ORO TRIMETAL JAR 72 PC,PENCILS,Wholesale,Rim,72,PKR,1152,1110,42,0.036458333333333336,0.03783783783783784,True,WS-RATES:21:18
RS-000738,MERCURY GELO GEL PEN,GEL PEN,Wholesale,Piece,,PKR,195,185,10,0.05128205128205128,0.05405405405405406,True,WS-RATES:21:19
RS-000739,G/F SHARPNER PCKT,SHARPNERS,Wholesale,Piece,,PKR,155,146,9,0.05806451612903226,0.06164383561643835,True,WS-RATES:21:20
RS-000740,TURBO 12 HALF COLOUR PENCIL,PENCIL COLOR,Wholesale,Piece,,PKR,77,68,9,0.11688311688311688,0.1323529411764706,True,WS-RATES:21:21
RS-000741,NIKKAH MUBARAK,DISPLAY,Wholesale,Piece,,PKR,200,175,25,0.125,0.14285714285714285,True,WS-RATES:21:22
RS-000742,SHADI MUBARAK DISPLAY,DISPLAY,Wholesale,Piece,,PKR,200,175,25,0.125,0.14285714285714285,True,WS-RATES:21:23
RS-000743,FANCY GEOMETRY 6612,FANCY GEOMETRY,Wholesale,Piece,,PKR,380,360,20,0.05263157894736842,0.05555555555555555,True,WS-RATES:21:24
RS-000744,EASY 4U ERASER E-548,ERASERS,Wholesale,Piece,,PKR,380,360,20,0.05263157894736842,0.05555555555555555,True,WS-RATES:21:25
RS-000745,KITA ERASER K-2009,ERASERS,Wholesale,Piece,,PKR,380,253,127,0.33421052631578946,0.5019762845849802,True,WS-RATES:21:26
RS-000746,KITA ERASER K725,ERASERS,Wholesale,Piece,,PKR,290,265,25,0.08620689655172414,0.09433962264150944,True,WS-RATES:21:27
RS-000747,SEAL LOCK,CHINA DAIRIES,Wholesale,Piece,,PKR,45,38,7,0.15555555555555556,0.18421052631578946,True,WS-RATES:21:28
RS-000748,POKIMON CARD LOCAL,CHINA,Wholesale,Piece,,PKR,280,245,35,0.125,0.14285714285714285,True,WS-RATES:21:29
RS-000749,WATER BOTTLE TRAVEL,CHINA,Wholesale,Piece,,PKR,260,230,30,0.11538461538461539,0.13043478260869565,True,WS-RATES:21:30
RS-000750,WATER BOTTLE SQUARE,CHINA,Wholesale,Piece,,PKR,240,180,60,0.25,0.3333333333333333,True,WS-RATES:21:31
RS-000751,WATER BOTTLE SOLO,CHINA,Wholesale,Piece,,PKR,290,255,35,0.1206896551724138,0.13725490196078433,True,WS-RATES:21:32
RS-000752,WATER BOTTLE STEEL BA2,CHINA,Wholesale,Piece,,PKR,1080,990,90,0.08333333333333333,0.09090909090909091,True,WS-RATES:21:33
RS-000753,WATER BOTTLE (500ML) 17,CHINA,Wholesale,Piece,,PKR,700,630,70,0.1,0.1111111111111111,True,WS-RATES:21:34
RS-000754,JUICER BOTTLE,CHINA,Wholesale,Piece,,PKR,1000,960,40,0.04,0.041666666666666664,True,WS-RATES:21:35
RS-000755,WATER BOTTLE SUS 316 FASHION,CHINA,Wholesale,Piece,,PKR,1200,1060,140,0.11666666666666667,0.1320754716981132,True,WS-RATES:21:36
RS-000756,WATER BOTTLE LED (500ML),CHINA,Wholesale,Piece,,PKR,660,610,50,0.07575757575757576,0.08196721311475409,True,WS-RATES:21:37
RS-000757,WATER BOTTLE SPORTS CAPRA (6),CHINA,Wholesale,Piece,,PKR,850,770,80,0.09411764705882353,0.1038961038961039,True,WS-RATES:22:2
RS-000759,STICKER SMILEY 45,STICKERS,Wholesale,Piece,,PKR,45,31,14,0.3111111111111111,0.45161290322580644,True,WS-RATES:22:4
RS-000760,GLITTER DUST CHINA,CHINA,Wholesale,Piece,,PKR,240,213,27,0.1125,0.1267605633802817,True,WS-RATES:22:5
RS-000761,IL PAISTEL PLASTIC CHINA,CHINA,Wholesale,Piece,,PKR,200,182,18,0.09,0.0989010989010989,True,WS-RATES:22:6
RS-000762,POCKET CALCULATER TRANSPERA,SHOP CALCULATOR,Wholesale,Piece,,PKR,145,126,19,0.1310344827586207,0.15079365079365079,True,WS-RATES:22:7
RS-000763,DOLLAR 333 PENCIL,PENCILS,Wholesale,Piece,,PKR,177,168,9,0.05084745762711865,0.05357142857142857,True,WS-RATES:22:8
RS-000764,DOLLAR 444 PENCIL,PENCILS,Wholesale,Piece,,PKR,170,162,8,0.047058823529411764,0.04938271604938271,True,WS-RATES:22:9
RS-000765,TURBO CUT MARKER,MARKER,Wholesale,Piece,,PKR,70,65,5,0.07142857142857142,0.07692307692307693,True,WS-RATES:22:10
RS-000766,GATTA REGISTER 68 NO 3,GATTA REGISTER,Wholesale,Piece,,PKR,340,315,25,0.07352941176470588,0.07936507936507936,True,WS-RATES:22:11
RS-000767,S,STAPLERS,Wholesale,Piece,,PKR,400,370,30,0.075,0.08108108108108109,True,WS-RATES:22:12
RS-000768,TIGER WATER DAMPER,CHINA,Wholesale,Piece,,PKR,70,61,9,0.12857142857142856,0.14754098360655737,True,WS-RATES:22:13
RS-000769,SILVER X 6+1 POSTER COLOUR,POSTER COLORS,Wholesale,Pack,7,PKR,135,115,20,0.14814814814814814,0.17391304347826086,True,WS-RATES:22:14
RS-000770,FANCY GEOMATERY A 32,FANCY GEOMETRY,Wholesale,Piece,,PKR,300,260,40,0.13333333333333333,0.15384615384615385,True,WS-RATES:22:15
RS-000771,TEACHER DAIRY LARGE,CHINA DAIRIES,Wholesale,Piece,,PKR,210,175,35,0.16666666666666666,0.2,True,WS-RATES:22:16
RS-000772,TEACHER DAIRY SMALL,CHINA DAIRIES,Wholesale,Piece,,PKR,150,125,25,0.16666666666666666,0.2,True,WS-RATES:22:17
RS-000773,POCKET CALCULATER KK328,SHOP CALCULATOR,Wholesale,Piece,,PKR,150,130,20,0.13333333333333333,0.15384615384615385,True,WS-RATES:22:18
RS-000774,POCKET CALCULATER 200N COLO,SHOP CALCULATOR,Wholesale,Piece,,PKR,155,128,27,0.17419354838709677,0.2109375,True,WS-RATES:22:19
RS-000775,POCKET CALCULTATER KC888 COL,SHOP CALCULATOR,Wholesale,Piece,,PKR,135,111,24,0.17777777777777778,0.21621621621621623,True,WS-RATES:22:20
RS-000776,POCKET CALCULATER CT888,SHOP CALCULATOR,Wholesale,Piece,,PKR,130,107,23,0.17692307692307693,0.21495327102803738,True,WS-RATES:22:21
RS-000777,CASIO FX 991ES CW,SCIENTIFIC CALCULAT,Wholesale,Piece,,PKR,1010,860,150,0.1485148514851485,0.1744186046511628,True,WS-RATES:22:22
RS-000778,CASIO 991ES PLUS ULTRA LARGE,SCIENTIFIC CALCULAT,Wholesale,Piece,,PKR,1400,1235,165,0.11785714285714285,0.13360323886639677,True,WS-RATES:22:23
RS-000779,DEER ARTO GRAPH PENCIL,PENCILS,Wholesale,Piece,,PKR,160,144,16,0.1,0.1111111111111111,True,WS-RATES:22:24
RS-000780,COLOUR ASSINMENT PAPER,PAPER,Wholesale,Piece,,PKR,140,120,20,0.14285714285714285,0.16666666666666666,True,WS-RATES:22:25
RS-000781,JD 2257 ERASABLE PEN,GEL PEN,Wholesale,Piece,,PKR,720,660,60,0.08333333333333333,0.09090909090909091,True,WS-RATES:22:26
RS-000782,CORRECTION TAPE,Correction pen,Wholesale,Piece,,PKR,130,123,7,0.05384615384615385,0.056910569105691054,True,WS-RATES:22:27
RS-000783,PAK TREND SHARPNER 941 (36 PC),SHARPNERS,Wholesale,Pack,36,PKR,230,195,35,0.15217391304347827,0.1794871794871795,True,WS-RATES:22:28
RS-000784,BUTTER PAPER RIM 400 PC,PAPER,Wholesale,Rim,400,PKR,2400,2100,300,0.125,0.14285714285714285,True,WS-RATES:22:29
RS-000785,PRIME COLOURING BOOK,CHINA DAIRIES,Wholesale,Rim,,PKR,900,840,60,0.06666666666666667,0.07142857142857142,True,WS-RATES:22:30
RS-000786,DRAFTING PAD SMALL,REGISTERS,Wholesale,Piece,,PKR,28,24,4,0.14285714285714285,0.16666666666666666,True,WS-RATES:22:31
RS-000787,RAYS MATH BOX,GEOMATRIES,Wholesale,Box,,PKR,300,285,15,0.05,0.05263157894736842,True,WS-RATES:22:32
RS-000788,340 NUMBER ROUGH SUBJECT RE,REGISTERS,Wholesale,Piece,,PKR,170,165,5,0.029411764705882353,0.030303030303030304,True,WS-RATES:22:33
RS-000789,OIL PASTEL CARD,CHINA,Wholesale,Piece,,PKR,160,150,10,0.0625,0.06666666666666667,True,WS-RATES:22:34
RS-000790,SIPARA SET 214,SIPARA SET,Wholesale,Set,,PKR,3250,2930,320,0.09846153846153846,0.10921501706484642,True,WS-RATES:22:35
RS-000791,260 NUMBER NEAT RAZA NEW,REGISTERS,Wholesale,Piece,,PKR,130,108,22,0.16923076923076924,0.2037037037037037,True,WS-RATES:22:36
RS-000792,190 NUMBER NEAT RAZA NEW,REGISTERS,Wholesale,Piece,,PKR,95,81,14,0.14736842105263157,0.1728395061728395,True,WS-RATES:22:37
RS-000793,3 IN 1 QAIDA (LARGE),QAIDA,Wholesale,Piece,,PKR,75,65,10,0.13333333333333333,0.15384615384615385,True,WS-RATES:23:2
RS-000794,PP LITE LEAGEL 70,PAPER WRITE,Wholesale,Piece,,PKR,1070,1032,38,0.03551401869158879,0.03682170542635659,True,WS-RATES:23:3
RS-000795,PAPER RIGHT A4 80G,PAPER WRITE,Wholesale,Piece,,PKR,1070,1040,30,0.028037383177570093,0.028846153846153848,True,WS-RATES:23:4
RS-000796,CLIP BOARD TASWEERI 707,CLIP BOARD,Wholesale,Piece,,PKR,95,74.3193277310924,20.6806722689076,0.21769128704113264,0.2782677521483498,True,WS-RATES:23:5
RS-000797,GEO REGISTER NO 5,REGISTERS,Wholesale,Piece,,PKR,100,98,2,0.02,0.02040816326530612,True,WS-RATES:23:6
RS-000798,DAR GEOMATERY 60,GEOMATRIES,Wholesale,Piece,,PKR,60,55,5,0.08333333333333333,0.09090909090909091,True,WS-RATES:23:7
RS-000799,POUCH NO 160(1 PC),POUCH,Individual,Piece,1,PKR,160,135,25,0.15625,0.18518518518518517,True,WS-RATES:23:8
RS-000800,POUCH NO 480(12PCS),POUCH,Wholesale,Pack,12,PKR,480,390,90,0.1875,0.23076923076923078,True,WS-RATES:23:9
RS-000801,FIELD BOOK CARD,REGISTERS,Wholesale,Piece,,PKR,70,65,5,0.07142857142857142,0.07692307692307693,True,WS-RATES:23:10
RS-000802,DELI 486 H.DUTY STAPLER,STAPLERS,Wholesale,Piece,,PKR,4450,3850,600,0.1348314606741573,0.15584415584415584,True,WS-RATES:23:11
RS-000803,COLOUR PAPER MULTI 100 PCS,COLOUR PAPER,Wholesale,Pack,100,PKR,280,230,50,0.17857142857142858,0.21739130434782608,True,WS-RATES:23:12
RS-000804,ORO NEETO ERASER,ERASERS,Wholesale,Piece,,PKR,235,213,22,0.09361702127659574,0.10328638497652583,True,WS-RATES:23:13
RS-000805,SCISSOR QIYANG,SCISSOR,Wholesale,Piece,,PKR,70,56,14,0.2,0.25,True,WS-RATES:23:14
RS-000806,LUNCH BOX magic,CHINA,Wholesale,Box,,PKR,240,210,30,0.125,0.14285714285714285,True,WS-RATES:23:15
RS-000807,WATER BOTTLE SPARKLE,CHINA,Wholesale,Piece,,PKR,240,205,35,0.14583333333333334,0.17073170731707318,True,WS-RATES:23:16
RS-000808,WATER BOTTLE CROWN,CHINA,Wholesale,Piece,,PKR,250,225,25,0.1,0.1111111111111111,True,WS-RATES:23:17
RS-000809,LUNCH BOX BUTTER FLY,CHINA,Wholesale,Box,,PKR,200,155,45,0.225,0.2903225806451613,True,WS-RATES:23:18
RS-000810,WATER BOTTLE SPORTAGE,CHINA,Wholesale,Piece,,PKR,220,190,30,0.13636363636363635,0.15789473684210525,True,WS-RATES:23:19
RS-000811,LUNCH BOX JUMBO,CHINA,Wholesale,Box,,PKR,220,190,30,0.13636363636363635,0.15789473684210525,True,WS-RATES:23:20
RS-000812,LUNCH BOX SLASH,CHINA,Wholesale,Box,,PKR,220,190,30,0.13636363636363635,0.15789473684210525,True,WS-RATES:23:21
RS-000813,SUBHAN KHALI PENCIL BOX,CHINA,Wholesale,Box,,PKR,75,68,7,0.09333333333333334,0.10294117647058823,True,WS-RATES:23:22
RS-000814,LUNCH BOX SANDWICH,CHINA,Wholesale,Box,,PKR,220,190,30,0.13636363636363635,0.15789473684210525,True,WS-RATES:23:23
RS-000815,SIKKA PENCIL (4PC),PENCILS,Wholesale,Pack,4,PKR,64,55,9,0.140625,0.16363636363636364,True,WS-RATES:23:24
RS-000816,M&G STAPLER PIN 23/15,STAPLER PIN,Wholesale,Piece,,PKR,275,255,20,0.07272727272727272,0.0784313725490196,True,WS-RATES:23:25
RS-000817,ATM CARD COVER 50PCS,CARD COVER,Wholesale,Pack,50,PKR,250,200,50,0.2,0.25,True,WS-RATES:23:26
RS-000818,AD 555 PENCIL,PENCILS,Wholesale,Piece,,PKR,1520,1500,20,0.013157894736842105,0.013333333333333334,True,WS-RATES:23:27
RS-000819,CHINA PENCIL FLAIR(12 PC),PENCILS,Wholesale,Pack,12,PKR,125,118,7,0.056,0.059322033898305086,True,WS-RATES:23:28
RS-000820,FANCY GEOMATERY 8812,GEOMATRIES,Wholesale,Piece,,PKR,570,530,40,0.07017543859649122,0.07547169811320754,True,WS-RATES:23:29
RS-000821,PIANO COLOUR MARKER(ST 6),MARKER COLOR,Wholesale,Piece,,PKR,120,114,6,0.05,0.05263157894736842,True,WS-RATES:23:30
RS-000822,TEMPO 12 FULL PC,PENCIL COLOR,Wholesale,Piece,,PKR,212,196,16,0.07547169811320754,0.08163265306122448,True,WS-RATES:23:31
RS-000823,COUNTER FINGER,COUNTER,Wholesale,Piece,,PKR,105,100,5,0.047619047619047616,0.05,True,WS-RATES:23:32
RS-000824,CUTTER SMT-1155,CHINA DAIRIES,Wholesale,Piece,,PKR,180,137,43,0.2388888888888889,0.31386861313868614,True,WS-RATES:23:33
RS-000825,BUTER PAPER RIM(400 PC),CHARTS,Wholesale,Rim,400,PKR,2100,1700,400,0.19047619047619047,0.23529411764705882,True,WS-RATES:23:34
RS-000826,CASIO 991 ES 530,SCIENTIFIC CALCULAT,Wholesale,Piece,,PKR,530,485,45,0.08490566037735849,0.09278350515463918,True,WS-RATES:23:35
RS-000827,WATER BOTTLE SPORTS 750ML,CHINA,Wholesale,Piece,,PKR,880,780,100,0.11363636363636363,0.1282051282051282,True,WS-RATES:23:36
RS-000828,WATER BOTTLE STEEL SPORTS LA,CHINA,Wholesale,Piece,,PKR,980,890,90,0.09183673469387756,0.10112359550561797,True,WS-RATES:23:37
RS-000829,WATER BOTTLE STEEL SPORTS S,CHINA,Wholesale,Piece,,PKR,880,790,90,0.10227272727272728,0.11392405063291139,True,WS-RATES:24:2
RS-000830,WATER BOTTLE STEEL 800ML,CHINA,Wholesale,Piece,,PKR,900,810,90,0.1,0.1111111111111111,True,WS-RATES:24:3
RS-000831,BULBULAY SMALL 48PC,CHINA,Wholesale,Pack,48,PKR,720,620,100,0.1388888888888889,0.16129032258064516,True,WS-RATES:24:4
RS-000832,SMILE RING DAIRY,CHINA DAIRIES,Wholesale,Piece,,PKR,270,245,25,0.09259259259259259,0.10204081632653061,True,WS-RATES:24:5
RS-000833,SCISSOR SINGLE BLUE,SCISSOR,Wholesale,Piece,,PKR,85,72,13,0.15294117647058825,0.18055555555555555,True,WS-RATES:24:6
RS-000834,SCISSOR DL9015,SCISSOR,Wholesale,Piece,,PKR,110,97,13,0.11818181818181818,0.13402061855670103,True,WS-RATES:24:7
RS-000835,FANCY GEOMATERY 588-155,GEOMATRIES,Wholesale,Piece,,PKR,520,485,35,0.0673076923076923,0.07216494845360824,True,WS-RATES:24:8
RS-000836,FANCY GEOMATERY 2029,GEOMATRIES,Wholesale,Piece,,PKR,400,365,35,0.0875,0.0958904109589041,True,WS-RATES:24:9
RS-000837,FANCY GEOMATERY 6204,GEOMATRIES,Wholesale,Piece,,PKR,360,325,35,0.09722222222222222,0.1076923076923077,True,WS-RATES:24:10
RS-000838,FANCY GEOMATERY 1849,GEOMATRIES,Wholesale,Piece,,PKR,190,170,20,0.10526315789473684,0.11764705882352941,True,WS-RATES:24:11
RS-000839,TISSUE LARGE RAHAT,CHINA,Wholesale,Piece,,PKR,160,135,25,0.15625,0.18518518518518517,True,WS-RATES:24:12
RS-000840,FOAMIC DISPLAY STICKER A+,STICKERS,Wholesale,Piece,,PKR,70,56,14,0.2,0.25,True,WS-RATES:24:13
RS-000841,SHASHLIK STICK 12 INCH,CHINA,Wholesale,Piece,,PKR,130,90,40,0.3076923076923077,0.4444444444444444,True,WS-RATES:24:14
RS-000842,SHASHLIK STICK 8 INCH,CHINA,Wholesale,Piece,,PKR,80,67,13,0.1625,0.19402985074626866,True,WS-RATES:24:15
RS-000843,SHASHLIK STICK 6 INCH,CHINA,Wholesale,Piece,,PKR,45,36,9,0.2,0.25,True,WS-RATES:24:16
RS-000844,STICKER LARGE 3D,STICKERS,Wholesale,Piece,,PKR,110,92,18,0.16363636363636364,0.1956521739130435,True,WS-RATES:24:17
RS-000845,BULBULAY POKIMON LARGE,CHINA,Wholesale,Piece,,PKR,80,70,10,0.125,0.14285714285714285,True,WS-RATES:24:18
RS-000846,HAND SOAP,CHINA,Wholesale,Piece,,PKR,40,35,5,0.125,0.14285714285714285,True,WS-RATES:24:19
RS-000847,BULBULAY CHINA SMALL (1 PC),CHINA,Individual,Piece,1,PKR,70,56,14,0.2,0.25,True,WS-RATES:24:20
RS-000848,CHINA GEL PEN ZGP222,CHINA,Wholesale,Piece,,PKR,468,420,48,0.10256410256410256,0.11428571428571428,True,WS-RATES:24:21
RS-000849,PLASTIC BALL NO 120,CHINA,Wholesale,Piece,,PKR,120,101,19,0.15833333333333333,0.18811881188118812,True,WS-RATES:24:22
RS-000850,PEN CONTAINER LARGE,CHINA,Wholesale,Piece,,PKR,220,200,20,0.09090909090909091,0.1,True,WS-RATES:24:23
RS-000851,WATER BOTTLE CAMMANDO,CHINA,Wholesale,Piece,,PKR,175,160,15,0.08571428571428572,0.09375,True,WS-RATES:24:24
RS-000852,WATER BOTTLE HANDY,CHINA,Wholesale,Piece,,PKR,165,135,30,0.18181818181818182,0.2222222222222222,True,WS-RATES:24:25
RS-000853,WATER BOTTLE STRING,CHINA,Wholesale,Piece,,PKR,240,215,25,0.10416666666666667,0.11627906976744186,True,WS-RATES:24:26
RS-000854,WATER BOTTLE STEEL 1000ML,CHINA,Wholesale,Piece,,PKR,1000,920,80,0.08,0.08695652173913043,True,WS-RATES:24:27
RS-000855,CHINA SOFT DAIRY,CHINA DAIRIES,Wholesale,Piece,,PKR,320,285,35,0.109375,0.12280701754385964,True,WS-RATES:24:28
RS-000856,PRIMA STAPLER 501,STAPLERS,Wholesale,Rim,,PKR,400,365,35,0.0875,0.0958904109589041,True,WS-RATES:24:29
RS-000857,CHIT PAD,CHINA,Wholesale,Piece,,PKR,50,42,8,0.16,0.19047619047619047,True,WS-RATES:24:30
RS-000858,RUBBER PATTA SMALL NEW,CHINA,Wholesale,Piece,,PKR,50,36,14,0.28,0.3888888888888889,True,WS-RATES:24:31
RS-000859,RUBBER PATTA LARGE NEW,CHINA,Wholesale,Piece,,PKR,70,61,9,0.12857142857142856,0.14754098360655737,True,WS-RATES:24:32
RS-000860,PONI RUBBER L,CHINA,Wholesale,Piece,,PKR,70,61,9,0.12857142857142856,0.14754098360655737,True,WS-RATES:24:33
RS-000861,PONI RUBBER S,CHINA,Wholesale,Piece,,PKR,50,36,14,0.28,0.3888888888888889,True,WS-RATES:24:34
RS-000862,LUNCH BOX DISNEY + NEW,CHINA,Wholesale,Box,,PKR,240,210,30,0.125,0.14285714285714285,True,WS-RATES:24:35
RS-000863,FOIL CHINA 1-8,BIRTHDAY,Wholesale,Piece,,PKR,90,52,38,0.4222222222222222,0.7307692307692307,True,WS-RATES:24:36
RS-000864,CHINA CURTAIN,BIRTHDAY,Wholesale,Piece,,PKR,130,90,40,0.3076923076923077,0.4444444444444444,True,WS-RATES:24:37
RS-000865,FOIL CHINA SMALL,BIRTHDAY,Wholesale,Piece,,PKR,90,52,38,0.4222222222222222,0.7307692307692307,True,WS-RATES:25:2
RS-000866,DL STAPLER 0257,STAPLERS,Wholesale,Piece,,PKR,200,180,20,0.1,0.1111111111111111,True,WS-RATES:25:3
RS-000867,SCOTCH TAPE 60,SCOTCH TAPE,Wholesale,Piece,,PKR,480,400,80,0.16666666666666666,0.2,True,WS-RATES:25:4
RS-000869,CHINA PENCIL FLAIR,PENCILS,Wholesale,Piece,,PKR,1500,1410,90,0.06,0.06382978723404255,True,WS-RATES:25:6
RS-000870,BULBULAY FEEDER,CHINA,Wholesale,Piece,,PKR,30,26,4,0.13333333333333333,0.15384615384615385,True,WS-RATES:25:7
RS-000871,BULBULAY PHANKA,CHINA,Wholesale,Piece,,PKR,50,41,9,0.18,0.21951219512195122,True,WS-RATES:25:8
RS-000872,GAME SCALE DOUBLE,SCALES,Wholesale,Piece,,PKR,65,60,5,0.07692307692307693,0.08333333333333333,True,WS-RATES:25:9
RS-000873,SCOTCH SUPER STAR 2 INCH (LAR),TAPE,Wholesale,Piece,,PKR,270,225,45,0.16666666666666666,0.2,True,WS-RATES:25:10
RS-000874,SCOTCH TAPE COLOUR 30,TAPE,Wholesale,Piece,,PKR,230,175,55,0.2391304347826087,0.3142857142857143,True,WS-RATES:25:11
RS-000875,DUX INK PEN 260,INK PEN,Wholesale,Piece,,PKR,650,607,43,0.06615384615384616,0.07084019769357495,True,WS-RATES:25:12
RS-000876,DUX SCALE 8 INCH,SCALES,Wholesale,Piece,,PKR,33,27,6,0.18181818181818182,0.2222222222222222,True,WS-RATES:25:13
RS-000877,DUX SILVER SHARPNER 501 NEW,SHARPNERS,Wholesale,Piece,,PKR,680,635,45,0.0661764705882353,0.07086614173228346,True,WS-RATES:25:14
RS-000878,JALI RACKET SMALL,RACKETS,Wholesale,Piece,,PKR,240,200,40,0.16666666666666666,0.2,True,WS-RATES:25:15
RS-000879,ISKOOL ERESER 80 PC,ERASERS,Wholesale,Pack,80,PKR,440,385,55,0.125,0.14285714285714285,True,WS-RATES:25:16
RS-000880,KITA HIGHLIGHTER(1PC),HIGHLIGHTER,Individual,Piece,1,PKR,40,33,7,0.175,0.21212121212121213,True,WS-RATES:25:17
RS-000881,KITA HIGHLIGHTER (36PCS),HIGHLIGHTER,Wholesale,Pack,36,PKR,1368,1190,178,0.1301169590643275,0.1495798319327731,True,WS-RATES:25:18
RS-000882,KIDCO 6+1 POSTER COLOUR,POSTER COLORS,Wholesale,Pack,7,PKR,155,142,13,0.08387096774193549,0.09154929577464789,True,WS-RATES:25:19
RS-000883,///,pencil box,Wholesale,Piece,,PKR,85,76,9,0.10588235294117647,0.11842105263157894,True,WS-RATES:25:20
RS-000884,IMP REGISTER USAMA SMALL,REGISTERS,Wholesale,Piece,,PKR,320,295,25,0.078125,0.0847457627118644,True,WS-RATES:25:21
RS-000885,SIR SYED DRAWING COPY,copies,Wholesale,Piece,,PKR,148,142,6,0.04054054054054054,0.04225352112676056,True,WS-RATES:25:22
RS-000887,MERCURY CORRECTION PEN(BOX),Correction pen,Wholesale,Box,,PKR,432,400,32,0.07407407407407407,0.08,True,WS-RATES:25:24
RS-000888,A4 PLASTIC COVER (12MM),PLASTIC SHEET/ROLL,Wholesale,Piece,,PKR,30,27,3,0.1,0.1111111111111111,True,WS-RATES:25:25
RS-000889,FANCY GEOMATERY 308,FANCY GEOMETRY,Wholesale,Piece,,PKR,340,310,30,0.08823529411764706,0.0967741935483871,True,WS-RATES:25:26
RS-000890,DEER CORRECTION(12 PC),Correction pen,Wholesale,Pack,12,PKR,432,420,12,0.027777777777777776,0.02857142857142857,True,WS-RATES:25:27
RS-000891,DEER CORRECTION(1 PC),Correction pen,Individual,Piece,1,PKR,36,35,1,0.027777777777777776,0.02857142857142857,True,WS-RATES:25:28
RS-000892,3 IN 1 WRITING CODE 30,CHINA DAIRIES,Wholesale,Piece,,PKR,55,45,10,0.18181818181818182,0.2222222222222222,True,WS-RATES:25:29
RS-000893,TEACHER DAIRY MASTER,CHINA DAIRIES,Wholesale,Piece,,PKR,240,210,30,0.125,0.14285714285714285,True,WS-RATES:25:30
RS-000894,PIANO COLOUR MARKER (ST 10),MARKER COLOR,Wholesale,Piece,,PKR,200,190,10,0.05,0.05263157894736842,True,WS-RATES:25:31
RS-000895,PIANO TINTED,BALL POINT,Wholesale,Piece,,PKR,115,109,6,0.05217391304347826,0.05504587155963303,True,WS-RATES:25:32
RS-000896,PIANO GUM STICK 8GM(BOX 24PC),GUM STICK,Wholesale,Box,24,PKR,1272,1208,64,0.050314465408805034,0.052980132450331126,True,WS-RATES:25:33
RS-000897,XRAY ORIGNAL,CHINA,Wholesale,Piece,,PKR,450,410,40,0.08888888888888889,0.0975609756097561,True,WS-RATES:25:34
RS-000898,PIANO CORRECTION(12 PC BOX),Correction pen,Wholesale,Box,12,PKR,456,432,24,0.05263157894736842,0.05555555555555555,True,WS-RATES:25:35
RS-000899,DUX SILVER PENCIL JAR (48 pc),PENCILS,Wholesale,Jar,48,PKR,784,746,38,0.04846938775510204,0.05093833780160858,True,WS-RATES:25:36
RS-000900,PLASTIC SHEET PRINT,PLASTIC SHEET/ROLL,Wholesale,Piece,,PKR,1400,1120,280,0.2,0.25,True,WS-RATES:25:37
RS-000901,GMSA GUN ROD L (PKT),GLUE GUN ROD,Wholesale,Piece,,PKR,1080,800,280,0.25925925925925924,0.35,True,WS-RATES:26:2
RS-000902,WAMIQ POSTER COLOUR 30ML,POSTER COLORS,Wholesale,Piece,,PKR,380,340,40,0.10526315789473684,0.11764705882352941,True,WS-RATES:26:3
RS-000903,DUX 666 PENCIL,PENCILS,Wholesale,Piece,,PKR,770,750,20,0.025974025974025976,0.02666666666666667,True,WS-RATES:26:4
RS-000904,CUBE KEY CHAIN,CHINA,Wholesale,Piece,,PKR,456,410,46,0.10087719298245613,0.11219512195121951,True,WS-RATES:26:5
RS-000905,340 NUMBER A4 NEAT REGISTER,REGISTERS,Wholesale,Piece,,PKR,170,160,10,0.058823529411764705,0.0625,True,WS-RATES:26:6
RS-000906,POUCH NO 150,POUCH,Wholesale,Piece,,PKR,150,127,23,0.15333333333333332,0.18110236220472442,True,WS-RATES:26:7
RS-000907,DRAWING COPY SDN 2,drawing copy,Wholesale,Piece,,PKR,50,42,8,0.16,0.19047619047619047,True,WS-RATES:26:8
RS-000908,100 NUMBER POUCH,POUCH,Wholesale,Piece,,PKR,100,80,20,0.2,0.25,True,WS-RATES:26:9
RS-000909,75 NUMBER POUCH,POUCH,Wholesale,Piece,,PKR,75,65,10,0.13333333333333333,0.15384615384615385,True,WS-RATES:26:10
RS-000910,GRAPH PAPER,PAPER,Wholesale,Piece,,PKR,10.5,9,1.5,0.14285714285714285,0.16666666666666666,True,WS-RATES:26:11
RS-000911,RING DRAFTING PAD KING SMALL,CHINA DAIRIES,Wholesale,Piece,,PKR,70,60,10,0.14285714285714285,0.16666666666666666,True,WS-RATES:26:12
RS-000912,DUX STAPLER D65,STAPLERS,Wholesale,Piece,,PKR,300,280,20,0.06666666666666667,0.07142857142857142,True,WS-RATES:26:13
RS-000913,DUX INK PEN FLORA,INK PEN,Wholesale,Piece,,PKR,770,735,35,0.045454545454545456,0.047619047619047616,True,WS-RATES:26:14
RS-000914,DUX INK PEN PREMIUM,INK PEN,Wholesale,Piece,,PKR,790,765,25,0.03164556962025317,0.032679738562091505,True,WS-RATES:26:15
RS-000915,50 NUMBER RAZA RING REGISTER,RING REGISTERS,Wholesale,Piece,,PKR,270,260,10,0.037037037037037035,0.038461538461538464,True,WS-RATES:26:16
RS-000916,G/F POSTER COLOUR JUNIOR,POSTER COLORS,Wholesale,Piece,,PKR,232,214,18,0.07758620689655173,0.08411214953271028,True,WS-RATES:26:17
RS-000917,TANGO 12 COLOUR FULL,PENCIL COLOR,Wholesale,Piece,,PKR,115,108,7,0.06086956521739131,0.06481481481481481,True,WS-RATES:26:18
RS-000918,CHINA COLOUR 12 HALF,PENCIL COLOR,Wholesale,Piece,,PKR,55,50,5,0.09090909090909091,0.1,True,WS-RATES:26:19
RS-000919,CLIP BOARD SMALL,CLIP BOARD,Wholesale,Piece,,PKR,50,42,8,0.16,0.19047619047619047,True,WS-RATES:26:20
RS-000920,CASH MEMO PENTA,CASH MEMO,Wholesale,Piece,,PKR,170,150,20,0.11764705882352941,0.13333333333333333,True,WS-RATES:26:21
RS-000921,CASIO Fx82 MS 5,SCIENTIFIC CALCULAT,Wholesale,Piece,,PKR,320,275,45,0.140625,0.16363636363636364,True,WS-RATES:26:22
RS-000922,BINDER CLIP 19mm,CHINA,Wholesale,Piece,,PKR,62,55,7,0.11290322580645161,0.12727272727272726,True,WS-RATES:26:23
RS-000923,PIANO PERMANENT INK,BOARD INK,Wholesale,Piece,,PKR,60,57,3,0.05,0.05263157894736842,True,WS-RATES:26:24
RS-000924,PAINT MARKER M&G 1 PCS,PAINT MARKERS,Individual,Piece,1,PKR,160,149,11,0.06875,0.0738255033557047,True,WS-RATES:26:25
RS-000925,RING DAIRY 90,CHINA DAIRIES,Wholesale,Piece,,PKR,90,78,12,0.13333333333333333,0.15384615384615385,True,WS-RATES:26:26
RS-000926,NAFEES JUMBO GUM,GUM STICK,Wholesale,Piece,,PKR,170,150,20,0.11764705882352941,0.13333333333333333,True,WS-RATES:26:27
RS-000927,OFFICE PIN DL718 A,CHINA,Wholesale,Piece,,PKR,360,330,30,0.08333333333333333,0.09090909090909091,True,WS-RATES:26:28
RS-000928,NEXT,SCALES,Wholesale,Piece,,PKR,13,10.59,2.41,0.1853846153846154,0.22757318224740322,True,WS-RATES:26:29
RS-000929,PIANO PERMANENT MARKER 1 PC,BOARD & PERMANENT,Individual,Piece,1,PKR,45,41,4,0.08888888888888889,0.0975609756097561,True,WS-RATES:26:30
RS-000930,PIANO BOARD MARKER 1 PCS,BOARD & PERMANENT,Individual,Piece,1,PKR,50,45,5,0.1,0.1111111111111111,True,WS-RATES:26:31
RS-000931,PIANO CORRECTION,Correction pen,Wholesale,Piece,,PKR,38,36.1,1.8999999999999986,0.04999999999999996,0.052631578947368376,True,WS-RATES:26:32
RS-000932,CASIO FX 991ES 2ND EDITION BL,SCIENTIFIC CALCULAT,Wholesale,Piece,,PKR,970,830,140,0.14432989690721648,0.1686746987951807,True,WS-RATES:26:33
RS-000933,CARPET LUDO LARGE,LUDO,Wholesale,Piece,,PKR,450,420,30,0.06666666666666667,0.07142857142857142,True,WS-RATES:26:34
RS-000934,SURAH YASIN SHAREEF KHUSHBO,SIPARA,Wholesale,Piece,,PKR,40,35,5,0.125,0.14285714285714285,True,WS-RATES:26:35
RS-000935,IMP PAPER PREMIER,PAPER WRITE,Wholesale,Piece,,PKR,80,74,6,0.075,0.08108108108108109,True,WS-RATES:26:36
RS-000936,TEMPO GUM STICK 8 G(BOX 12 PC),GUM STICK,Wholesale,Box,12,PKR,516,490,26,0.050387596899224806,0.053061224489795916,True,WS-RATES:26:37
RS-000937,SHASHLIK STICK 14 INCH,CHINA,Wholesale,Piece,,PKR,140,120,20,0.14285714285714285,0.16666666666666666,True,WS-RATES:27:2
RS-000938,SHASHLIK STICK 10 inch i pack,CHINA,Wholesale,Pack,,PKR,95,75,20,0.21052631578947367,0.26666666666666666,True,WS-RATES:27:3
RS-000939,TAPE DISPENSER OWNER JUMBO,CHINA,Wholesale,Piece,,PKR,380,350,30,0.07894736842105263,0.08571428571428572,True,WS-RATES:27:4
RS-000940,JEENS SHOULDER BAG,BAGS,Wholesale,Piece,,PKR,1800,1600,200,0.1111111111111111,0.125,True,WS-RATES:27:5
RS-000941,SKETCH BOOK(SCHOLAR),drawing copy,Wholesale,Piece,,PKR,340,250,90,0.2647058823529412,0.36,True,WS-RATES:27:6
RS-000942,A4 PAPER WHITE(100PC),PAPER,Wholesale,Pack,100,PKR,280,240,40,0.14285714285714285,0.16666666666666666,True,WS-RATES:27:7
RS-000943,PIANO CRYSTAL PEN,Fountain pen,Wholesale,Piece,,PKR,460,437,23,0.05,0.05263157894736842,True,WS-RATES:27:8
RS-000944,ALBUM FILE 20 POCKET CHUNAYI,FILE,Wholesale,Piece,,PKR,220,200,20,0.09090909090909091,0.1,True,WS-RATES:27:9
RS-000945,DOLLAR BOARD MARKER (1PC),BOARD & PERMANENT,Individual,Piece,1,PKR,57,53.35,3.6499999999999986,0.06403508771929822,0.06841611996251169,True,WS-RATES:27:10
RS-000946,PAKISTAN FLAG,CHINA,Wholesale,Piece,,PKR,450,410,40,0.08888888888888889,0.0975609756097561,True,WS-RATES:27:11
RS-000947,BIRTHDAY BALOON S (R2),BALLOONS,Wholesale,Piece,,PKR,300,285,15,0.05,0.05263157894736842,True,WS-RATES:27:12
RS-000948,DOLLAR MY PENCIL 666 WOODEN,PENCILS,Wholesale,Piece,,PKR,157,150,7,0.044585987261146494,0.04666666666666667,True,WS-RATES:27:13
RS-000949,TEMPO ST 6,MARKER,Wholesale,Piece,,PKR,62.4,59.3,3.1000000000000014,0.049679487179487204,0.052276559865092775,True,WS-RATES:27:14
RS-000950,GUM BOTTLE LARGE,CHINA,Wholesale,Piece,,PKR,160,140,20,0.125,0.14285714285714285,True,WS-RATES:27:15
RS-000951,DUX INK PEN CHECKERED,Fountain pen,Wholesale,Piece,,PKR,740,710,30,0.04054054054054054,0.04225352112676056,True,WS-RATES:27:16
RS-000952,SHOULDER BAG NO 9,BAGS,Wholesale,Piece,,PKR,160,135,25,0.15625,0.18518518518518517,True,WS-RATES:27:17
RS-000953,TRANSPERANT STICKY NOTE,STICKY NOTE,Wholesale,Piece,,PKR,90,80,10,0.1111111111111111,0.125,True,WS-RATES:27:18
RS-000954,DUX SPEED BALL POINT,BALL POINT,Wholesale,Piece,,PKR,210,195,15,0.07142857142857142,0.07692307692307693,True,WS-RATES:27:19
RS-000955,ORO MINIO STAPLER 24/6,STAPLERS,Wholesale,Piece,,PKR,155,137,18,0.11612903225806452,0.13138686131386862,True,WS-RATES:27:20
RS-000956,FOAMIC DISPLAY STICKER,STICKERS,Wholesale,Piece,,PKR,50,40,10,0.2,0.25,True,WS-RATES:27:21
RS-000957,GALAXY SHARPNER 60PC,SHARPNERS,Wholesale,Pack,60,PKR,460,390,70,0.15217391304347827,0.1794871794871795,True,WS-RATES:27:22
RS-000958,CLASSIC SHARPNER 50 PC,SHARPNERS,Wholesale,Pack,50,PKR,450,390,60,0.13333333333333333,0.15384615384615385,True,WS-RATES:27:23
RS-000959,SAMAD BOND 40GM,CHINA DAIRIES,Wholesale,Piece,,PKR,115,95,20,0.17391304347826086,0.21052631578947367,True,WS-RATES:27:24
RS-000960,SAMAD BOND 19GM,CHINA DAIRIES,Wholesale,Piece,,PKR,83,73,10,0.12048192771084337,0.136986301369863,True,WS-RATES:27:25
RS-000961,DEER TIGER PENCIL,PENCILS,Wholesale,Piece,,PKR,86,77,9,0.10465116279069768,0.11688311688311688,True,WS-RATES:27:26
RS-000962,DOLLAR STAPELS PIN 24/6,STAPLER PIN,Wholesale,Piece,,PKR,60,57.5,2.5,0.041666666666666664,0.043478260869565216,True,WS-RATES:27:27
RS-000963,DOLLAR STAPLES PIN 10,STAPLER PIN,Wholesale,Piece,,PKR,33,31.5,1.5,0.045454545454545456,0.047619047619047616,True,WS-RATES:27:28
RS-000964,BOX FILE 3 INCH,CHINA,Wholesale,Box,,PKR,310,275,35,0.11290322580645161,0.12727272727272726,True,WS-RATES:27:29
RS-000965,SPRAY PAINT S/G,CHINA,Wholesale,Piece,,PKR,350,320,30,0.08571428571428572,0.09375,True,WS-RATES:27:30
RS-000966,SPRAY PAINT,CHINA,Wholesale,Piece,,PKR,330,300,30,0.09090909090909091,0.1,True,WS-RATES:27:31
RS-000967,11...111111,CHINA,Wholesale,Piece,,PKR,90,78,12,0.13333333333333333,0.15384615384615385,True,WS-RATES:27:32
RS-000968,DOLLAR ST 10,MARKER,Wholesale,Piece,,PKR,175,169.75,5.25,0.03,0.030927835051546393,True,WS-RATES:27:33
RS-000969,GATTA KHATA COPY 68g NO 12,GATTA REGISTER,Wholesale,Piece,,PKR,520,490,30,0.057692307692307696,0.061224489795918366,True,WS-RATES:27:34
RS-000970,SCARF PIN XL,CHINA,Wholesale,Piece,,PKR,500,480,20,0.04,0.041666666666666664,True,WS-RATES:27:35
RS-000971,CRAFT PAPER RIM,PAPER,Wholesale,Rim,,PKR,2750,2512,238,0.08654545454545455,0.09474522292993631,True,WS-RATES:27:36
RS-000972,ARTIST POSTER COLOUR 30ML,POSTER COLORS,Wholesale,Piece,,PKR,360,317,43,0.11944444444444445,0.13564668769716087,True,WS-RATES:27:37
RS-000973,DOLLAR BOARD INK 15ml (1 PC),BOARD INK,Individual,Piece,1,PKR,87,84.15,2.8499999999999943,0.032758620689655106,0.03386809269162203,True,WS-RATES:28:2
RS-000974,CHALK COLOUR,CHINA,Wholesale,Piece,,PKR,60,45,15,0.25,0.3333333333333333,True,WS-RATES:28:3
RS-000975,CHALK WHITE,CHINA,Wholesale,Piece,,PKR,45,30,15,0.3333333333333333,0.5,True,WS-RATES:28:4
RS-000976,DOLLAR NEON (1 PC),HIGHLIGHTER,Individual,Piece,1,PKR,57,55.3,1.7000000000000028,0.029824561403508823,0.030741410488245986,True,WS-RATES:28:5
RS-000977,STICKER PUFFY,STICKERS,Wholesale,Piece,,PKR,8.5,7,1.5,0.17647058823529413,0.21428571428571427,True,WS-RATES:28:6
RS-000978,DOLLAR 717 i PEN,Fountain pen,Wholesale,Piece,,PKR,554,538,16,0.02888086642599278,0.02973977695167286,True,WS-RATES:28:7
RS-000979,SCISSOR 900,SCISSOR,Wholesale,Piece,,PKR,900,690,210,0.23333333333333334,0.30434782608695654,True,WS-RATES:28:8
RS-000980,DOLLAR ECONO MARKER,MARKER,Wholesale,Piece,,PKR,88,85.36,2.6400000000000006,0.030000000000000006,0.0309278350515464,True,WS-RATES:28:9
RS-000981,BINDING SHEET BLUE,PLASTIC SHEET/ROLL,Wholesale,Piece,,PKR,450,335,115,0.25555555555555554,0.34328358208955223,True,WS-RATES:28:10
RS-000982,BINDING SHEET GREEN,PLASTIC SHEET/ROLL,Wholesale,Piece,,PKR,420,320,100,0.23809523809523808,0.3125,True,WS-RATES:28:11
RS-000983,SCHOLER SHEET,PLASTIC SHEET/ROLL,Wholesale,Piece,,PKR,115,102,13,0.11304347826086956,0.12745098039215685,True,WS-RATES:28:12
RS-000984,PIANO FACTIS ERASER 80 PCS,ERASERS,Wholesale,Pack,80,PKR,1440,1368,72,0.05,0.05263157894736842,True,WS-RATES:28:13
RS-000985,TEMPO GUM STICK 8 GM(1 PC),GUM STICK,Individual,Piece,1,PKR,43,40,3,0.06976744186046512,0.075,True,WS-RATES:28:14
RS-000986,PLASTIC BALL NO 75,BALL,Wholesale,Piece,,PKR,75,70,5,0.06666666666666667,0.07142857142857142,True,WS-RATES:28:15
RS-000987,RUBBER BAND 400gm PACKET,CHINA,Wholesale,Pack,,PKR,500,460,40,0.08,0.08695652173913043,True,WS-RATES:28:16
RS-000988,CUTTER S/MEDIUM,CUTTERS,Wholesale,Piece,,PKR,110,75,35,0.3181818181818182,0.4666666666666667,True,WS-RATES:28:17
RS-000989,CUTTER DOUBLE WITH BLADE,CUTTERS,Wholesale,Piece,,PKR,290,265,25,0.08620689655172414,0.09433962264150944,True,WS-RATES:28:18
RS-000990,PIANO RHYTHM,GEL PEN,Wholesale,Piece,,PKR,220,209,11,0.05,0.05263157894736842,True,WS-RATES:28:19
RS-000991,DOLLAR GL1,GEL PEN,Wholesale,Piece,,PKR,513,497.61,15.389999999999986,0.029999999999999975,0.030927835051546365,True,WS-RATES:28:20
RS-000992,MILAN FANCEY BALL PEN+BOX,BALL POINT,Wholesale,Box,,PKR,100,80,20,0.2,0.25,True,WS-RATES:28:21
RS-000993,MILAN FANCEY BALL PEN,BALL POINT,Wholesale,Piece,,PKR,50,43,7,0.14,0.16279069767441862,True,WS-RATES:28:22
RS-000994,DAIRY NO;280SOFT LEATHER,CHINA DAIRIES,Wholesale,Piece,,PKR,280,265,15,0.05357142857142857,0.05660377358490566,True,WS-RATES:28:23
RS-000995,DAIRY A5 DISPLAY,CHINA DAIRIES,Wholesale,Piece,,PKR,320,290,30,0.09375,0.10344827586206896,True,WS-RATES:28:24
RS-000996,GEL PEN ERASEABLE 8005,GEL PEN,Wholesale,Piece,,PKR,720,670,50,0.06944444444444445,0.07462686567164178,True,WS-RATES:28:25
RS-000997,DUX INK PEN 300,Fountain pen,Wholesale,Piece,,PKR,100,90,10,0.1,0.1111111111111111,True,WS-RATES:28:26
RS-000998,STAEDTLER 0.5 MM,CHINA,Wholesale,Piece,,PKR,410,385,25,0.06097560975609756,0.06493506493506493,True,WS-RATES:28:27
RS-000999,NEXT ERASER 60 PC,CHINA,Wholesale,Pack,60,PKR,255,250,5,0.0196078431372549,0.02,True,WS-RATES:28:28
RS-001000,DEER CRAYONS COLOUR,CRAYONS,Wholesale,Piece,,PKR,87,72,15,0.1724137931034483,0.20833333333333334,True,WS-RATES:28:29
RS-001001,G/F SKETCH PENCIL,PENCILS,Wholesale,Piece,,PKR,200,179,21,0.105,0.11731843575418995,True,WS-RATES:28:30
RS-001002,OMEGA ACRYLIC 75ML,COLORING KIT,Wholesale,Piece,,PKR,230,195,35,0.15217391304347827,0.1794871794871795,True,WS-RATES:28:31
RS-001003,THERMAL PAPER ROLL (60),THERMAL ROLL,Wholesale,Piece,,PKR,240,230,10,0.041666666666666664,0.043478260869565216,True,WS-RATES:28:32
RS-001004,THERMAL PAPER ROLL (50),THERMAL ROLL,Wholesale,Piece,,PKR,220,205,15,0.06818181818181818,0.07317073170731707,True,WS-RATES:28:33
RS-001005,THERMAL PAPER ROLL (36),THERMAL ROLL,Wholesale,Piece,,PKR,170,133,37,0.21764705882352942,0.2781954887218045,True,WS-RATES:28:34
RS-001006,THERMAL PAPER ROLL (70),THERMAL ROLL,Wholesale,Piece,,PKR,280,243,37,0.13214285714285715,0.1522633744855967,True,WS-RATES:28:35
RS-001007,FILE SEPARATOR 31,FILE,Wholesale,Piece,,PKR,245,230,15,0.061224489795918366,0.06521739130434782,True,WS-RATES:28:36
RS-001008,FILE SEPARATOR 20,FILE,Wholesale,Piece,,PKR,185,168,17,0.0918918918918919,0.10119047619047619,True,WS-RATES:28:37
RS-001009,LUDO DANA COLOUR (14MM),LUDO DANA + GOTI,Wholesale,Piece,,PKR,9,6,3,0.3333333333333333,0.5,True,WS-RATES:29:2
RS-001010,LUDO DANA COLOUR (16MM),LUDO DANA + GOTI,Wholesale,Piece,,PKR,13,10,3,0.23076923076923078,0.3,True,WS-RATES:29:3
RS-001011,LUDO DRUM (S),LUDO,Wholesale,Piece,,PKR,5,3.5,1.5,0.3,0.42857142857142855,True,WS-RATES:29:4
RS-001012,LUDO DRUM (L),LUDO,Wholesale,Piece,,PKR,7.5,5.5,2,0.26666666666666666,0.36363636363636365,True,WS-RATES:29:5
RS-001013,QB CORRECTION PEN BOX,Correction pen,Wholesale,Box,,PKR,408,390,18,0.04411764705882353,0.046153846153846156,True,WS-RATES:29:6
RS-001014,PAPER RIGHT A4 70,PAPER WRITE,Wholesale,Piece,,PKR,910,882,28,0.03076923076923077,0.031746031746031744,True,WS-RATES:29:7
RS-001015,",PIANO CRYSTAL GEL",BALL POINT,Wholesale,Piece,,PKR,215,205,10,0.046511627906976744,0.04878048780487805,True,WS-RATES:29:8
RS-001016,IMP PAPER,PAPER,Wholesale,Piece,,PKR,73,70,3,0.0410958904109589,0.04285714285714286,True,WS-RATES:29:9
RS-001017,IMP PAPER CENTURY,PAPER,Wholesale,Piece,,PKR,90,86,4,0.044444444444444446,0.046511627906976744,True,WS-RATES:29:10
RS-001018,PAPER RIM 68gm,PAPER,Wholesale,Rim,,PKR,50,45,5,0.1,0.1111111111111111,True,WS-RATES:29:11
RS-001019,PAPER RIM 53gm,PAPER,Wholesale,Rim,,PKR,30,26.5,3.5,0.11666666666666667,0.1320754716981132,True,WS-RATES:29:12
RS-001020,LR 30 RING REGISTER,REGISTERS,Wholesale,Piece,,PKR,195,170,25,0.1282051282051282,0.14705882352941177,True,WS-RATES:29:13
RS-001021,LR 20 RING REGISTER,REGISTERS,Wholesale,Piece,,PKR,165,153,12,0.07272727272727272,0.0784313725490196,True,WS-RATES:29:14
RS-001022,LR 10 RING REGISTER,REGISTERS,Wholesale,Piece,,PKR,135,123,12,0.08888888888888889,0.0975609756097561,True,WS-RATES:29:15
RS-001023,300 SARFRAZ REGISTER,REGISTERS,Wholesale,Piece,,PKR,270,255,15,0.05555555555555555,0.058823529411764705,True,WS-RATES:29:16
RS-001024,600 SARFRAZ REGISTER,REGISTERS,Wholesale,Piece,,PKR,240,235,5,0.020833333333333332,0.02127659574468085,True,WS-RATES:29:17
RS-001025,240 NUMBER RAZA REGISTER LAR,REGISTERS,Wholesale,Piece,,PKR,120,119,1,0.008333333333333333,0.008403361344537815,True,WS-RATES:29:18
RS-001026,50 NUMBER RAZA REGISTER (L),REGISTERS,Wholesale,Piece,,PKR,270,269,1,0.003703703703703704,0.0037174721189591076,True,WS-RATES:29:19
RS-001027,30 NUMBER RAZA REGISTER (L),REGISTERS,Wholesale,Piece,,PKR,205,195,10,0.04878048780487805,0.05128205128205128,True,WS-RATES:29:20
RS-001028,20 NUMBER RAZA REGISTER (L),REGISTERS,Wholesale,Piece,,PKR,165,160,5,0.030303030303030304,0.03125,True,WS-RATES:29:21
RS-001029,390 A4 NEAT RING REGISTER,REGISTERS,Wholesale,Piece,,PKR,195,180,15,0.07692307692307693,0.08333333333333333,True,WS-RATES:29:22
RS-001030,330 A4 NEAT RING RIGESTER,REGISTERS,Wholesale,Piece,,PKR,165,150,15,0.09090909090909091,0.1,True,WS-RATES:29:23
RS-001031,40 NUMBER GEO REGISTER,REGISTERS,Wholesale,Piece,,PKR,210,209,1,0.004761904761904762,0.004784688995215311,True,WS-RATES:29:24
RS-001032,35 NUMBER GEO REGISTER,REGISTERS,Wholesale,Piece,,PKR,190,184,6,0.031578947368421054,0.03260869565217391,True,WS-RATES:29:25
RS-001033,30 NUMBER GEO REGISTER,REGISTERS,Wholesale,Piece,,PKR,160,158,2,0.0125,0.012658227848101266,True,WS-RATES:29:26
RS-001034,200 NUMBER GEO REGISTER,REGISTERS,Wholesale,Piece,,PKR,130,125,5,0.038461538461538464,0.04,True,WS-RATES:29:27
RS-001035,POCKET CALCULATER CT 200N,SCIENTIFIC CALCULAT,Wholesale,Piece,,PKR,145,128,17,0.11724137931034483,0.1328125,True,WS-RATES:29:28
RS-001036,340 NEAT REGISTER (S),REGISTERS,Wholesale,Piece,,PKR,170,150,20,0.11764705882352941,0.13333333333333333,True,WS-RATES:29:29
RS-001037,300 NEAT REGISTER (S),REGISTERS,Wholesale,Piece,,PKR,150,135,15,0.1,0.1111111111111111,True,WS-RATES:29:30
RS-001038,240 NEAT REGISTER,REGISTERS,Wholesale,Piece,,PKR,120,110,10,0.08333333333333333,0.09090909090909091,True,WS-RATES:29:31
RS-001039,200 NEAT REGISTER (S),REGISTERS,Wholesale,Piece,,PKR,100,92,8,0.08,0.08695652173913043,True,WS-RATES:29:32
RS-001040,150 NEAT RIGESTER (S),REGISTERS,Wholesale,Piece,,PKR,75,65,10,0.13333333333333333,0.15384615384615385,True,WS-RATES:29:33
RS-001041,120 NEAT REGISTER (S),REGISTERS,Wholesale,Piece,,PKR,60,55,5,0.08333333333333333,0.09090909090909091,True,WS-RATES:29:34
RS-001042,360 A4 ROUGH REGISTER,REGISTERS,Wholesale,Piece,,PKR,180,165,15,0.08333333333333333,0.09090909090909091,True,WS-RATES:29:35
RS-001043,380 A4 ROUGH RING REGISTER,REGISTERS,Wholesale,Piece,,PKR,190,175,15,0.07894736842105263,0.08571428571428572,True,WS-RATES:29:36
RS-001044,340 RING ROUGH REGISTER,REGISTERS,Wholesale,Piece,,PKR,170,141,29,0.17058823529411765,0.20567375886524822,True,WS-RATES:29:37
RS-001045,SHUTTLE COCK AW300/FB0631,CHINA,Wholesale,Piece,,PKR,300,220,80,0.26666666666666666,0.36363636363636365,True,WS-RATES:30:2
RS-001046,LR 30 NEAT REGISTER,REGISTERS,Wholesale,Piece,,PKR,190,180,10,0.05263157894736842,0.05555555555555555,True,WS-RATES:30:3
RS-001047,LR 20 NEAT REGISTER,REGISTERS,Wholesale,Piece,,PKR,160,150,10,0.0625,0.06666666666666667,True,WS-RATES:30:4
RS-001048,LR 10 NEAT REGISTER,REGISTERS,Wholesale,Piece,,PKR,130,120,10,0.07692307692307693,0.08333333333333333,True,WS-RATES:30:5
RS-001049,410 NUMBER ROUGH REGISTER,REGISTERS,Wholesale,Piece,,PKR,205,184,21,0.1024390243902439,0.11413043478260869,True,WS-RATES:30:6
RS-001050,480 NUMBER ROUGH REGISTER,REGISTERS,Wholesale,Piece,,PKR,240,215,25,0.10416666666666667,0.11627906976744186,True,WS-RATES:30:7
RS-001051,500 NUMBER ROUGH REGISTER,REGISTERS,Wholesale,Piece,,PKR,250,230,20,0.08,0.08695652173913043,True,WS-RATES:30:8
RS-001052,380 NUMBER ROUGH REGISTER,REGISTERS,Wholesale,Piece,,PKR,190,175,15,0.07894736842105263,0.08571428571428572,True,WS-RATES:30:9
RS-001053,300 NUMBER ROUGH REGISTER,REGISTERS,Wholesale,Piece,,PKR,150,135,15,0.1,0.1111111111111111,True,WS-RATES:30:10
RS-001054,280 NUMBER ROUGH REGISTER,REGISTERS,Wholesale,Piece,,PKR,140,125,15,0.10714285714285714,0.12,True,WS-RATES:30:11
RS-001055,230 NUMBER ROUGH REGISTER,REGISTERS,Wholesale,Piece,,PKR,115,105,10,0.08695652173913043,0.09523809523809523,True,WS-RATES:30:12
RS-001056,COLOURING KIT 42 PCS,COLORING KIT,Wholesale,Pack,42,PKR,330,290,40,0.12121212121212122,0.13793103448275862,True,WS-RATES:30:13
RS-001057,MARGALLA COPY,copies,Wholesale,Piece,,PKR,80,78,2,0.025,0.02564102564102564,True,WS-RATES:30:14
RS-001058,ST PAUL COPY,copies,Wholesale,Piece,,PKR,100,95,5,0.05,0.05263157894736842,True,WS-RATES:30:15
RS-001059,180 NUMBER ROUGH REGISTER,REGISTERS,Wholesale,Piece,,PKR,90,72,18,0.2,0.25,True,WS-RATES:30:16
RS-001060,SIR SYED REGISTER GUM,copies,Wholesale,Piece,,PKR,165,160,5,0.030303030303030304,0.03125,True,WS-RATES:30:17
RS-001061,SIR SYED COPY,copies,Wholesale,Piece,,PKR,155,140,15,0.0967741935483871,0.10714285714285714,True,WS-RATES:30:18
RS-001062,FG REGISTER,copies,Wholesale,Piece,,PKR,160,157,3,0.01875,0.01910828025477707,True,WS-RATES:30:19
RS-001063,FG COPY LARGE,copies,Wholesale,Piece,,PKR,100,92,8,0.08,0.08695652173913043,True,WS-RATES:30:20
RS-001064,FG COPY SMALL,copies,Wholesale,Piece,,PKR,75,66,9,0.12,0.13636363636363635,True,WS-RATES:30:21
RS-001065,300 NUMBER A4 COPY,copies,Wholesale,Piece,,PKR,135,125,10,0.07407407407407407,0.08,True,WS-RATES:30:22
RS-001066,250 NUMBER A4 COPY,copies,Wholesale,Piece,,PKR,110,100,10,0.09090909090909091,0.1,True,WS-RATES:30:23
RS-001067,200 NUMBER A4 COPY,copies,Wholesale,Piece,,PKR,95,87,8,0.08421052631578947,0.09195402298850575,True,WS-RATES:30:24
RS-001068,150 NUMBER A4 COPY,copies,Wholesale,Piece,,PKR,65,63,2,0.03076923076923077,0.031746031746031744,True,WS-RATES:30:25
RS-001069,120 NUMBER A4 COPY,copies,Wholesale,Piece,,PKR,55,50,5,0.09090909090909091,0.1,True,WS-RATES:30:26
RS-001070,250 NUMBER COPY S,copies,Wholesale,Piece,,PKR,110,103,7,0.06363636363636363,0.06796116504854369,True,WS-RATES:30:27
RS-001071,200 NUMBER COPY S,copies,Wholesale,Piece,,PKR,90,85,5,0.05555555555555555,0.058823529411764705,True,WS-RATES:30:28
RS-001072,150 NUMBER COPY S,copies,Wholesale,Piece,,PKR,75,68,7,0.09333333333333334,0.10294117647058823,True,WS-RATES:30:29
RS-001073,100 NUMBER COPY S,copies,Wholesale,Piece,,PKR,55,49,6,0.10909090909090909,0.12244897959183673,True,WS-RATES:30:30
RS-001074,70 NUMBER COPY S,copies,Wholesale,Piece,,PKR,35,32.5,2.5,0.07142857142857142,0.07692307692307693,True,WS-RATES:30:31
RS-001075,35 NUMBER COPY S,copies,Wholesale,Piece,,PKR,16,15,1,0.0625,0.06666666666666667,True,WS-RATES:30:32
RS-001076,QB CORRECTION PEN(1 PC),Correction pen,Individual,Piece,1,PKR,34,32,2,0.058823529411764705,0.0625,True,WS-RATES:30:33
RS-001077,MY CLEAR BAG DOUBLE POCKET,FILE,Wholesale,Piece,,PKR,580,550,30,0.05172413793103448,0.05454545454545454,True,WS-RATES:30:34
RS-001078,MY CLEAR BAG CHIP,FILE,Wholesale,Piece,,PKR,540,485,55,0.10185185185185185,0.1134020618556701,True,WS-RATES:30:35
RS-001079,MY CLEAR BAG (14C) MCB,FILE,Wholesale,Piece,,PKR,360,325,35,0.09722222222222222,0.1076923076923077,True,WS-RATES:30:36
RS-001080,BALOON 14 AUGUST,BALLOONS,Wholesale,Piece,,PKR,320,300,20,0.0625,0.06666666666666667,True,WS-RATES:30:37
RS-001081,GACHI,CHINA,Wholesale,Piece,,PKR,120,80,40,0.3333333333333333,0.5,True,WS-RATES:31:2
RS-001082,DARSI SKETCH BOOK CODE:141,drawing copy,Wholesale,Piece,,PKR,150,125,25,0.16666666666666666,0.2,True,WS-RATES:31:3
RS-001083,DARSI SKETCH BOOK LSB 3,drawing copy,Wholesale,Piece,,PKR,160,140,20,0.125,0.14285714285714285,True,WS-RATES:31:4
RS-001084,DARSI SKETCH BOOK LSB 2,drawing copy,Wholesale,Piece,,PKR,130,115,15,0.11538461538461539,0.13043478260869565,True,WS-RATES:31:5
RS-001085,DARSI SKETCH BOOK LSB 1,drawing copy,Wholesale,Piece,,PKR,100,85,15,0.15,0.17647058823529413,True,WS-RATES:31:6
RS-001086,DARSI SKETCH BOOK SSB 3,drawing copy,Wholesale,Piece,,PKR,110,85,25,0.22727272727272727,0.29411764705882354,True,WS-RATES:31:7
RS-001087,DARSI SKETCH BOOK SSB 2,drawing copy,Wholesale,Piece,,PKR,85,69,16,0.18823529411764706,0.2318840579710145,True,WS-RATES:31:8
RS-001088,DARSI SKETCH BOOK SSB 1,drawing copy,Wholesale,Piece,,PKR,65,52,13,0.2,0.25,True,WS-RATES:31:9
RS-001089,A4 DRAWING COPY SHAIQ,drawing copy,Wholesale,Piece,,PKR,80,70,10,0.125,0.14285714285714285,True,WS-RATES:31:10
RS-001090,DRAWING COPY SDN 1,drawing copy,Wholesale,Piece,,PKR,40,35,5,0.125,0.14285714285714285,True,WS-RATES:31:11
RS-001091,DRAWING COPY IC 236 (S),drawing copy,Wholesale,Piece,,PKR,50,40,10,0.2,0.25,True,WS-RATES:31:12
RS-001092,SKETCH BOOK A4 NO 302,drawing copy,Wholesale,Piece,,PKR,150,125,25,0.16666666666666666,0.2,True,WS-RATES:31:13
RS-001093,DARSI GRAPH COPY 100124,GRAPH COPY,Wholesale,Piece,,PKR,70,56,14,0.2,0.25,True,WS-RATES:31:14
RS-001094,DARSI GRAPH COPY IC33,GRAPH COPY,Wholesale,Piece,,PKR,35,30,5,0.14285714285714285,0.16666666666666666,True,WS-RATES:31:15
RS-001095,DARSI GRAPH COPY IC35,GRAPH COPY,Wholesale,Piece,,PKR,45,30,15,0.3333333333333333,0.5,True,WS-RATES:31:16
RS-001096,DARSI GRAPH COPY NO36,GRAPH COPY,Wholesale,Piece,,PKR,55,40,15,0.2727272727272727,0.375,True,WS-RATES:31:17
RS-001097,DARSI GRAPH COPY 100034,GRAPH COPY,Wholesale,Piece,,PKR,30,24,6,0.2,0.25,True,WS-RATES:31:18
RS-001098,DARSI GRAPH 100125,GRAPH COPY,Wholesale,Piece,,PKR,90,73,17,0.18888888888888888,0.2328767123287671,True,WS-RATES:31:19
RS-001099,DUX 701 PENCIL BOX 1 PCS,pencil box,Individual,Piece,1,PKR,420,350,70,0.16666666666666666,0.2,True,WS-RATES:31:20
RS-001100,DUX 401 PENCIL BOX I PCS,pencil box,Wholesale,Box,,PKR,165,140,25,0.15151515151515152,0.17857142857142858,True,WS-RATES:31:21
RS-001101,SIR SYED DAIRY,CHINA DAIRIES,Wholesale,Piece,,PKR,80,70,10,0.125,0.14285714285714285,True,WS-RATES:31:22
RS-001102,NORANI QAIDA AMM 15,SIPARA,Wholesale,Piece,,PKR,15,12,3,0.2,0.25,True,WS-RATES:31:23
RS-001103,NORANI QAIDA AMM GREEN 20,SIPARA,Wholesale,Piece,,PKR,20,15,5,0.25,0.3333333333333333,True,WS-RATES:31:24
RS-001104,SIPARA AMM,SIPARA,Wholesale,Piece,,PKR,20,15,5,0.25,0.3333333333333333,True,WS-RATES:31:25
RS-001105,SURAH YASEEN Z90T,SIPARA,Wholesale,Piece,,PKR,62,54,8,0.12903225806451613,0.14814814814814814,True,WS-RATES:31:26
RS-001106,SURAH YASEEN Z31TA,SIPARA,Wholesale,Piece,,PKR,45,41,4,0.08888888888888889,0.0975609756097561,True,WS-RATES:31:27
RS-001107,YASAR NAL QURAN,SIPARA,Wholesale,Piece,,PKR,40,36,4,0.1,0.1111111111111111,True,WS-RATES:31:28
RS-001108,SURAH YASEEN Z49T,SIPARA,Wholesale,Piece,,PKR,75,67.3421052631579,7.6578947368420955,0.1021052631578946,0.11371629542790136,True,WS-RATES:31:29
RS-001109,NAMAZ MUTARJIM,SIPARA,Wholesale,Piece,,PKR,25,22,3,0.12,0.13636363636363635,True,WS-RATES:31:30
RS-001110,MINI NAMAZ AS N1,SIPARA,Wholesale,Piece,,PKR,15,12,3,0.2,0.25,True,WS-RATES:31:31
RS-001111,MADNI QAIDA (S),SIPARA,Wholesale,Piece,,PKR,28,26,2,0.07142857142857142,0.07692307692307693,True,WS-RATES:31:32
RS-001112,MADNI QAIDA (L),SIPARA,Wholesale,Piece,,PKR,65,55,10,0.15384615384615385,0.18181818181818182,True,WS-RATES:31:33
RS-001113,NORANI QAIDA Z67,SIPARA,Wholesale,Piece,,PKR,45,37.5833333333333,7.4166666666667,0.16481481481481555,0.19733924611973497,True,WS-RATES:31:34
RS-001114,NORANNI QAIDA Z65A,SIPARA,Wholesale,Piece,,PKR,40,35,5,0.125,0.14285714285714285,True,WS-RATES:31:35
RS-001115,NORANNI QAIDA Z65,SIPARA,Wholesale,Piece,,PKR,30,24,6,0.2,0.25,True,WS-RATES:31:36
RS-001116,NAMAZ BOOK FM5,SIPARA,Wholesale,Piece,,PKR,30,25,5,0.16666666666666666,0.2,True,WS-RATES:31:37
RS-001117,SURAH MUZAMIL S12B,SIPARA,Wholesale,Piece,,PKR,35,31,4,0.11428571428571428,0.12903225806451613,True,WS-RATES:32:2
RS-001118,PUNJ SUURAH Z80,SIPARA,Wholesale,Piece,,PKR,160,40,120,0.75,3,True,WS-RATES:32:3
RS-001119,MANZIL BOOK Z75,SIPARA,Wholesale,Piece,,PKR,45,40,5,0.1111111111111111,0.125,True,WS-RATES:32:4
RS-001120,DUA BOOK PS5,SIPARA,Wholesale,Piece,,PKR,40,36,4,0.1,0.1111111111111111,True,WS-RATES:32:5
RS-001121,SURAH AL NOOR S20,SIPARA,Wholesale,Piece,,PKR,25,22.5,2.5,0.1,0.1111111111111111,True,WS-RATES:32:6
RS-001122,SURAH KAHAF S1,SIPARA,Wholesale,Piece,,PKR,40,36,4,0.1,0.1111111111111111,True,WS-RATES:32:7
RS-001123,SURAH E MULK S10,SIPARA,Wholesale,Piece,,PKR,25,22.5,2.5,0.1,0.1111111111111111,True,WS-RATES:32:8
RS-001124,SIPARA 292,SIPARA,Wholesale,Piece,,PKR,75,66.9353169469599,8.064683053040099,0.10752910737386799,0.12048472198063424,True,WS-RATES:32:9
RS-001125,SIPARA SET 292,SIPARA,Wholesale,Set,,PKR,2380,2140,240,0.10084033613445378,0.11214953271028037,True,WS-RATES:32:10
RS-001126,SIPARA SET 202,SIPARA,Wholesale,Set,,PKR,1775,1595,180,0.10140845070422536,0.11285266457680251,True,WS-RATES:32:11
RS-001127,QURAN PAK 411B,SIPARA,Wholesale,Piece,,PKR,845,740,105,0.1242603550295858,0.14189189189189189,True,WS-RATES:32:12
RS-001128,QURAN PAK 112,SIPARA,Wholesale,Piece,,PKR,1215,1090,125,0.102880658436214,0.11467889908256881,True,WS-RATES:32:13
RS-001129,QURAN PAK 385,SIPARA,Wholesale,Piece,,PKR,625,560,65,0.104,0.11607142857142858,True,WS-RATES:32:14
RS-001130,QURAN PAK 411P,SIPARA,Wholesale,Pack,411,PKR,750,670,80,0.10666666666666667,0.11940298507462686,True,WS-RATES:32:15
RS-001131,QURAN PAK Z55B,SIPARA,Wholesale,Piece,,PKR,640,550,90,0.140625,0.16363636363636364,True,WS-RATES:32:16
RS-001132,QURAN PAK Z55,SIPARA,Wholesale,Piece,,PKR,650,590,60,0.09230769230769231,0.1016949152542373,True,WS-RATES:32:17
RS-001133,QURAN PAK 411,SIPARA,Wholesale,Piece,,PKR,670,600,70,0.1044776119402985,0.11666666666666667,True,WS-RATES:32:18
RS-001134,QURAN PAK 113KG,SIPARA,Wholesale,Piece,,PKR,2525,2270,255,0.100990099009901,0.11233480176211454,True,WS-RATES:32:19
RS-001135,QURAN PAK 113KSR,SIPARA,Wholesale,Piece,,PKR,3090,2780,310,0.10032362459546926,0.11151079136690648,True,WS-RATES:32:20
RS-001136,QURAN PAK 113KSR1,SIPARA,Wholesale,Piece,,PKR,3450,3100,350,0.10144927536231885,0.11290322580645161,True,WS-RATES:32:21
RS-001137,QURAN PAK 113KBS,SIPARA,Wholesale,Piece,,PKR,2500,2250,250,0.1,0.1111111111111111,True,WS-RATES:32:22
RS-001138,QURAN PAK 113KS,SIPARA,Wholesale,Piece,,PKR,3000,2700,300,0.1,0.1111111111111111,True,WS-RATES:32:23
RS-001139,QURAN PAK 381,SIPARA,Wholesale,Piece,,PKR,470,423.75,46.25,0.09840425531914894,0.10914454277286136,True,WS-RATES:32:24
RS-001140,QURAN PAK Z55 T,SIPARA,Wholesale,Piece,,PKR,1220,1095,125,0.10245901639344263,0.1141552511415525,True,WS-RATES:32:25
RS-001141,QURAN PAK Z55 A,SIPARA,Wholesale,Piece,,PKR,970,727.5,242.5,0.25,0.3333333333333333,True,WS-RATES:32:26
RS-001142,QURAN PAK 162,SIPARA,Wholesale,Piece,,PKR,1390,1250,140,0.10071942446043165,0.112,True,WS-RATES:32:27
RS-001143,QURAN PAK 114,SIPARA,Wholesale,Piece,,PKR,2100,1890,210,0.1,0.1111111111111111,True,WS-RATES:32:28
RS-001144,A4 UET ASSIGNMENT PAPER,COMPUTER PAPER WH,Wholesale,Piece,,PKR,300,270,30,0.1,0.1111111111111111,True,WS-RATES:32:29
RS-001145,A4 GRAPH PAPER 100 PCS,COMPUTER PAPER WH,Wholesale,Pack,100,PKR,280,260,20,0.07142857142857142,0.07692307692307693,True,WS-RATES:32:30
RS-001146,SCRAP BOOK LARGE,GATTA REGISTER,Wholesale,Piece,,PKR,145,124.782608695652,20.217391304348,0.1394302848575724,0.16202090592334656,True,WS-RATES:32:31
RS-001147,SCRAP BOOK SMALL,GATTA REGISTER,Wholesale,Piece,,PKR,90,79.8181818181818,10.181818181818201,0.11313131313131335,0.12756264236902076,True,WS-RATES:32:32
RS-001148,SERVICE BOOK CARD,GATTA REGISTER,Wholesale,Piece,,PKR,100,75,25,0.25,0.3333333333333333,True,WS-RATES:32:33
RS-001149,SERVICE BOOK GATTA,GATTA REGISTER,Wholesale,Piece,,PKR,220,200,20,0.09090909090909091,0.1,True,WS-RATES:32:34
RS-001150,TEACHER ATTENDENT REGISTER,GATTA REGISTER,Wholesale,Piece,,PKR,200,165,35,0.175,0.21212121212121213,True,WS-RATES:32:35
RS-001151,TEACHER HAZRI REGISTER HAZR,GATTA REGISTER,Wholesale,Piece,,PKR,200,165,35,0.175,0.21212121212121213,True,WS-RATES:32:36
RS-001152,ROZANA HAZRI REGISTER R34 48.,GATTA REGISTER,Wholesale,Piece,,PKR,220,195,25,0.11363636363636363,0.1282051282051282,True,WS-RATES:32:37
RS-001153,DAKHIL KHARIJ REGISTER R 23,GATTA REGISTER,Wholesale,Piece,,PKR,230,190,40,0.17391304347826086,0.21052631578947367,True,WS-RATES:33:2
RS-001154,HAMDARD FEE REGISTER R 27,GATTA REGISTER,Wholesale,Piece,,PKR,230,190,40,0.17391304347826086,0.21052631578947367,True,WS-RATES:33:3
RS-001155,HOME WORK DAIRY ST POLL,DIARIES,Wholesale,Piece,,PKR,80,70,10,0.125,0.14285714285714285,True,WS-RATES:33:4
RS-001156,HOME WORK DAIRY 30,DIARIES,Wholesale,Piece,,PKR,30,25,5,0.16666666666666666,0.2,True,WS-RATES:33:5
RS-001157,HOME WORK DAIRY 40,DIARIES,Wholesale,Piece,,PKR,40,28,12,0.3,0.42857142857142855,True,WS-RATES:33:6
RS-001158,HOME WORK DAIRY 60,DIARIES,Wholesale,Piece,,PKR,60,38,22,0.36666666666666664,0.5789473684210527,True,WS-RATES:33:7
RS-001159,ROZANA HAZRI REGISTER R33 36,GATTA REGISTER,Wholesale,Piece,,PKR,190,170,20,0.10526315789473684,0.11764705882352941,True,WS-RATES:33:8
RS-001160,ROZANA HAZRI REGISTER SHEHB,GATTA REGISTER,Wholesale,Piece,,PKR,190,165,25,0.13157894736842105,0.15151515151515152,True,WS-RATES:33:9
RS-001161,3 IN 1 WRITING NO 231,copies,Wholesale,Piece,,PKR,45,38,7,0.15555555555555556,0.18421052631578946,True,WS-RATES:33:10
RS-001162,K 10 NOTE BOOK,copies,Wholesale,Piece,,PKR,270,229.545454545455,40.45454545454501,0.1498316498316482,0.17623762376237398,True,WS-RATES:33:11
RS-001163,SM 10 NOTE BOOK,copies,Wholesale,Piece,,PKR,480,450,30,0.0625,0.06666666666666667,True,WS-RATES:33:12
RS-001164,K 12 NOTE BOOK,copies,Wholesale,Piece,,PKR,320,279.744525547445,40.255474452555006,0.1257983576642344,0.14390084801043812,True,WS-RATES:33:13
RS-001165,SM 8 NOTE BOOK,copies,Wholesale,Piece,,PKR,420,400,20,0.047619047619047616,0.05,True,WS-RATES:33:14
RS-001166,U8 NOTE BOOK 68GM,copies,Wholesale,Piece,,PKR,180,165,15,0.08333333333333333,0.09090909090909091,True,WS-RATES:33:15
RS-001167,3 IN 1 WRITING 2026,copies,Wholesale,Piece,,PKR,70,60,10,0.14285714285714285,0.16666666666666666,True,WS-RATES:33:16
RS-001168,3 IN 1 WRITING CODE 25,copies,Wholesale,Piece,,PKR,45,38,7,0.15555555555555556,0.18421052631578946,True,WS-RATES:33:17
RS-001169,3 IN 1 WRITING CODE 28,copies,Wholesale,Piece,,PKR,65,57,8,0.12307692307692308,0.14035087719298245,True,WS-RATES:33:18
RS-001170,4 IN 1 WRITING SWB 24,copies,Wholesale,Piece,,PKR,45,38,7,0.15555555555555556,0.18421052631578946,True,WS-RATES:33:19
RS-001171,6 IN 1 WRITING AND 2022,copies,Wholesale,Piece,,PKR,80,70,10,0.125,0.14285714285714285,True,WS-RATES:33:20
RS-001172,3 IN 1 QAIDA NO 504,copies,Wholesale,Piece,,PKR,75,65,10,0.13333333333333333,0.15384615384615385,True,WS-RATES:33:21
RS-001173,3 IN 1 QAIDA CODE 53,copies,Wholesale,Piece,,PKR,58,50,8,0.13793103448275862,0.16,True,WS-RATES:33:22
RS-001174,DARSI WRITING 100057,copies,Wholesale,Piece,,PKR,32,28,4,0.125,0.14285714285714285,True,WS-RATES:33:23
RS-001175,DARSI WRITING 100058,copies,Wholesale,Piece,,PKR,32,28,4,0.125,0.14285714285714285,True,WS-RATES:33:24
RS-001176,DARSI WRITING 100056,copies,Wholesale,Piece,,PKR,32,28,4,0.125,0.14285714285714285,True,WS-RATES:33:25
RS-001177,DARSI WRITING IC 17,copies,Wholesale,Piece,,PKR,22,19,3,0.13636363636363635,0.15789473684210525,True,WS-RATES:33:26
RS-001178,3D ROOM DECOR STICKER,STEAKER,Wholesale,Piece,,PKR,100,82,18,0.18,0.21951219512195122,True,WS-RATES:33:27
RS-001179,ROOM DECOR STICKER,STEAKER,Wholesale,Piece,,PKR,80,65,15,0.1875,0.23076923076923078,True,WS-RATES:33:28
RS-001180,3D STICKER NO 60,BALL POINT,Wholesale,Piece,,PKR,60,45,15,0.25,0.3333333333333333,True,WS-RATES:33:29
RS-001181,STICKER NO 35,STAPLERS,Wholesale,Piece,,PKR,35,30,5,0.14285714285714285,0.16666666666666666,True,WS-RATES:33:30
RS-001182,STAR STICKER NO 40,PAINT BRUSH,Wholesale,Piece,,PKR,40,30,10,0.25,0.3333333333333333,True,WS-RATES:33:31
RS-001183,PAINT BRUSH CRYSTAL(12 PCS),PAINT BRUSH,Wholesale,Pack,12,PKR,220,205,15,0.06818181818181818,0.07317073170731707,True,WS-RATES:33:32
RS-001184,PAINT BRUSH CRYSTAL(6 PCS),PAINT BRUSH,Wholesale,Pack,6,PKR,130,100,30,0.23076923076923078,0.3,True,WS-RATES:33:33
RS-001185,PAINT BRUSH WOODEN(6 PCS),PAINT BRUSH,Wholesale,Pack,6,PKR,75,57,18,0.24,0.3157894736842105,True,WS-RATES:33:34
RS-001186,PAINT BRUSH WOODEN(12 PCS),PAINT BRUSH,Wholesale,Pack,12,PKR,160,70,90,0.5625,1.2857142857142858,True,WS-RATES:33:35
RS-001187,SALAITI LARGE JAR,PENCILS,Wholesale,Jar,,PKR,170,140,30,0.17647058823529413,0.21428571428571427,True,WS-RATES:33:36
RS-001188,SALAITI SMALL,PENCILS,Wholesale,Piece,,PKR,40,30,10,0.25,0.3333333333333333,True,WS-RATES:33:37
RS-001189,PIANO BOARD INK 120ML,BOARD INK,Wholesale,Piece,,PKR,410,390,20,0.04878048780487805,0.05128205128205128,True,WS-RATES:34:2
RS-001190,NAFEES 500 ML INK,FOUNTAIN INK,Wholesale,Piece,,PKR,370,350,20,0.05405405405405406,0.05714285714285714,True,WS-RATES:34:3
RS-001191,MARSHAL MATH BOX,pencil box,Wholesale,Box,,PKR,210,180,30,0.14285714285714285,0.16666666666666666,True,WS-RATES:34:4
RS-001192,GLITTER DUST LOCAL,GLITTER DUST,Wholesale,Piece,,PKR,70,50,20,0.2857142857142857,0.4,True,WS-RATES:34:5
RS-001193,CHAMAK POUCH,POUCH,Wholesale,Piece,,PKR,480,420,60,0.125,0.14285714285714285,True,WS-RATES:34:6
RS-001194,CARTOON POUCH (L),POUCH,Wholesale,Piece,,PKR,540,510,30,0.05555555555555555,0.058823529411764705,True,WS-RATES:34:7
RS-001195,CARTOON POUCH (S),POUCH,Wholesale,Piece,,PKR,240,150,90,0.375,0.6,True,WS-RATES:34:8
RS-001196,C53 POUCH,POUCH,Wholesale,Piece,,PKR,300,274,26,0.08666666666666667,0.0948905109489051,True,WS-RATES:34:9
RS-001197,JALI POUCH,POUCH,Wholesale,Piece,,PKR,360,250,110,0.3055555555555556,0.44,True,WS-RATES:34:10
RS-001198,TRANMBO POUCH,POUCH,Wholesale,Piece,,PKR,380,320,60,0.15789473684210525,0.1875,True,WS-RATES:34:11
RS-001199,POUCH NO 520,POUCH,Wholesale,Piece,,PKR,520,480,40,0.07692307692307693,0.08333333333333333,True,WS-RATES:34:12
RS-001200,POUCH NO 580,POUCH,Wholesale,Piece,,PKR,580,520,60,0.10344827586206896,0.11538461538461539,True,WS-RATES:34:13
RS-001201,FURR POUCH CHINA,POUCH,Wholesale,Piece,,PKR,480,470,10,0.020833333333333332,0.02127659574468085,True,WS-RATES:34:14
RS-001202,SM COMPASS 1 PCS,COMPASS,Individual,Piece,1,PKR,55,50,5,0.09090909090909091,0.1,True,WS-RATES:34:15
RS-001203,MIDCO ZB 1801 POUCH,POUCH,Wholesale,Piece,,PKR,120,100,20,0.16666666666666666,0.2,True,WS-RATES:34:16
RS-001204,3D PENCIL BOX,pencil box,Wholesale,Box,,PKR,110,90,20,0.18181818181818182,0.2222222222222222,True,WS-RATES:34:17
RS-001205,DAR TRANSPRANT PENCIL BOX 1,pencil box,Wholesale,Box,,PKR,65,55,10,0.15384615384615385,0.18181818181818182,True,WS-RATES:34:18
RS-001206,GAME GEOMETRY 1 PCS,pencil box,Individual,Piece,1,PKR,55,50,5,0.09090909090909091,0.1,True,WS-RATES:34:19
RS-001207,DAR GEOMATERY 45 ( 1 PCS ),pencil box,Individual,Piece,1,PKR,45,34,11,0.24444444444444444,0.3235294117647059,True,WS-RATES:34:20
RS-001208,SHINE PENCIL BOX 1PCS,pencil box,Individual,Piece,1,PKR,60,48,12,0.2,0.25,True,WS-RATES:34:21
RS-001209,OSAKA TAPE,TAPE,Wholesale,Piece,,PKR,420,405,15,0.03571428571428571,0.037037037037037035,True,WS-RATES:34:22
RS-001210,SHADI LIFAFA FANCY,CHINA,Wholesale,Piece,,PKR,100,95,5,0.05,0.05263157894736842,True,WS-RATES:34:23
RS-001211,OREO 8 INCH SCALE,SCALES,Wholesale,Piece,,PKR,24,19,5,0.20833333333333334,0.2631578947368421,True,WS-RATES:34:24
RS-001212,SHADI LIFAFA SIMPLE,CHINA,Wholesale,Piece,,PKR,50,37,13,0.26,0.35135135135135137,True,WS-RATES:34:25
RS-001213,NEXT 6 INCH SCALE A,SCALES,Wholesale,Piece,,PKR,21,13.5,7.5,0.35714285714285715,0.5555555555555556,True,WS-RATES:34:26
RS-001214,GIFT CARD,CHINA,Wholesale,Piece,,PKR,32,25,7,0.21875,0.28,True,WS-RATES:34:27
RS-001215,WATER COLOUR LOCAL,WATER COLORS,Wholesale,Piece,,PKR,18.34,17,1.3399999999999999,0.07306434023991275,0.0788235294117647,True,WS-RATES:34:28
RS-001216,ZIP FILE,FILE,Wholesale,Piece,,PKR,150,130,20,0.13333333333333333,0.15384615384615385,True,WS-RATES:34:29
RS-001217,CHINA COMPASS(1PCS),COMPASS,Individual,Piece,1,PKR,20,18,2,0.1,0.1111111111111111,True,WS-RATES:34:30
RS-001218,GIFT RIBBON S,CHINA,Wholesale,Piece,,PKR,30,20,10,0.3333333333333333,0.5,True,WS-RATES:34:31
RS-001219,GIFT RIBBON M,CHINA,Wholesale,Piece,,PKR,40,30,10,0.25,0.3333333333333333,True,WS-RATES:34:32
RS-001220,CHINA COLOUR 6 HALF,PENCIL COLOR,Wholesale,Piece,,PKR,28,25,3,0.10714285714285714,0.12,True,WS-RATES:34:33
RS-001221,GIFT RIBBON L,CHINA,Wholesale,Piece,,PKR,50,40,10,0.2,0.25,True,WS-RATES:34:34
RS-001222,OREO D SET SQUARE(1PCS),D-SET SQARE,Individual,Piece,1,PKR,42,37,5,0.11904761904761904,0.13513513513513514,True,WS-RATES:34:35
RS-001223,SHADI LIFAFA CARD,CHINA,Wholesale,Piece,,PKR,55,40,15,0.2727272727272727,0.375,True,WS-RATES:34:36
RS-001224,DEER SUPER WRITER 300,PENCILS,Wholesale,Piece,,PKR,48,43,5,0.10416666666666667,0.11627906976744186,True,WS-RATES:34:37
RS-001225,FOX COMPASS (1PCS),COMPASS,Individual,Piece,1,PKR,70,65,5,0.07142857142857142,0.07692307692307693,True,WS-RATES:35:2
RS-001226,"STEEL SCALE 6""",SCALES,Wholesale,Piece,,PKR,34,30.5,3.5,0.10294117647058823,0.11475409836065574,True,WS-RATES:35:3
RS-001227,"STEEL SCALE 12"" A+",SCALES,Wholesale,Piece,,PKR,70,57,13,0.18571428571428572,0.22807017543859648,True,WS-RATES:35:4
RS-001228,HAPPY POSTER COLOUR 6,POSTER COLORS,Wholesale,Piece,,PKR,110,100,10,0.09090909090909091,0.1,True,WS-RATES:35:5
RS-001229,MAX STAPLER,STAPLERS,Wholesale,Piece,,PKR,280,270,10,0.03571428571428571,0.037037037037037035,True,WS-RATES:35:6
RS-001230,PIN OPENER (PMP),STAPLERS,Wholesale,Piece,,PKR,90,75,15,0.16666666666666666,0.2,True,WS-RATES:35:7
RS-001231,NAME STICKER SMALL PKT,STICKERS,Wholesale,Piece,,PKR,145,125,20,0.13793103448275862,0.16,True,WS-RATES:35:8
RS-001232,PAPER CLIP 28MM,STAPLERS,Wholesale,Piece,,PKR,450,415,35,0.07777777777777778,0.08433734939759036,True,WS-RATES:35:9
RS-001233,STAMP PAD INK,CHINA,Wholesale,Piece,,PKR,41,35,6,0.14634146341463414,0.17142857142857143,True,WS-RATES:35:10
RS-001234,STAMP PAD LARGE LANCER,CHINA,Wholesale,Piece,,PKR,110,95,15,0.13636363636363635,0.15789473684210525,True,WS-RATES:35:11
RS-001235,TURBO ST 10,MARKER COLOR,Wholesale,Piece,,PKR,68,63,5,0.07352941176470588,0.07936507936507936,True,WS-RATES:35:12
RS-001236,THUMB PIN PEONY 50PCS,CHINA,Wholesale,Pack,50,PKR,370,335,35,0.0945945945945946,0.1044776119402985,True,WS-RATES:35:13
RS-001237,DL STAPLER DL0582,STAPLERS,Wholesale,Piece,,PKR,175,155,20,0.11428571428571428,0.12903225806451613,True,WS-RATES:35:14
RS-001238,PATTA STAPLER HL-239-2,STAPLERS,Wholesale,Piece,,PKR,180,162,18,0.1,0.1111111111111111,True,WS-RATES:35:15
RS-001239,FABRIC COLOUR,CHINA,Wholesale,Piece,,PKR,400,360,40,0.1,0.1111111111111111,True,WS-RATES:35:16
RS-001240,GLASS COLOUR,CHINA,Wholesale,Piece,,PKR,400,360,40,0.1,0.1111111111111111,True,WS-RATES:35:17
RS-001241,EAGLE STAPLER PATA,STAPLERS,Wholesale,Piece,,PKR,190,180,10,0.05263157894736842,0.05555555555555555,True,WS-RATES:35:18
RS-001242,ACRYLIC PAINT COLOUR,CHINA,Wholesale,Piece,,PKR,390,360,30,0.07692307692307693,0.08333333333333333,True,WS-RATES:35:19
RS-001243,OIL COLOUR,CHINA,Wholesale,Piece,,PKR,400,360,40,0.1,0.1111111111111111,True,WS-RATES:35:20
RS-001244,COLOURING KIT 68PCS,COLORING KIT,Wholesale,Pack,68,PKR,550,460,90,0.16363636363636364,0.1956521739130435,True,WS-RATES:35:21
RS-001245,COLOURING KIT 86PCS,COLORING KIT,Wholesale,Pack,86,PKR,780,685,95,0.12179487179487179,0.1386861313868613,True,WS-RATES:35:22
RS-001246,"NEXT SCALE 12""",SCALES,Wholesale,Piece,,PKR,30,22,8,0.26666666666666666,0.36363636363636365,True,WS-RATES:35:23
RS-001247,CUTTER MINI,CUTTERS,Wholesale,Piece,,PKR,60,52,8,0.13333333333333333,0.15384615384615385,True,WS-RATES:35:24
RS-001248,EXPENDING FILE,FILE,Wholesale,Piece,,PKR,780,750,30,0.038461538461538464,0.04,True,WS-RATES:35:25
RS-001249,CHINA STAPLER PIN 24/6,STAPLER PIN,Wholesale,Piece,,PKR,40,38,2,0.05,0.05263157894736842,True,WS-RATES:35:26
RS-001250,THREE FLOWERS DOUBLE HOLE P,STAPLERS,Wholesale,Piece,,PKR,620,560,60,0.0967741935483871,0.10714285714285714,True,WS-RATES:35:27
RS-001251,TISSUE BAG,BAGS,Wholesale,Piece,,PKR,180,145,35,0.19444444444444445,0.2413793103448276,True,WS-RATES:35:28
RS-001252,M&G DOUBLE HOLE PUNCH 916CU,STAPLERS,Wholesale,Piece,,PKR,700,650,50,0.07142857142857142,0.07692307692307693,True,WS-RATES:35:29
RS-001253,STAMP PAD SMALL,CHINA,Wholesale,Piece,,PKR,56,48,8,0.14285714285714285,0.16666666666666666,True,WS-RATES:35:30
RS-001254,OFFICE PIN DL 718,CHINA,Wholesale,Piece,,PKR,450,410,40,0.08888888888888889,0.0975609756097561,True,WS-RATES:35:31
RS-001255,THUMB PIN CY3121,CHINA,Wholesale,Piece,,PKR,410,385,25,0.06097560975609756,0.06493506493506493,True,WS-RATES:35:32
RS-001256,M&G FASTER 10 DOUBLE PUNCH,STAPLERS,Wholesale,Piece,,PKR,330,305,25,0.07575757575757576,0.08196721311475409,True,WS-RATES:35:33
RS-001257,CUTTER MEDIUM,CUTTERS,Wholesale,Piece,,PKR,140,115,25,0.17857142857142858,0.21739130434782608,True,WS-RATES:35:34
RS-001258,TURBO CUT SHARPENER,SHARPNERS,Wholesale,Piece,,PKR,550,525,25,0.045454545454545456,0.047619047619047616,True,WS-RATES:35:35
RS-001259,DL DOUBLE HOLE PUNCH DL0820,STAPLERS,Wholesale,Piece,,PKR,330,290,40,0.12121212121212122,0.13793103448275862,True,WS-RATES:35:36
RS-001260,DL DOUBLE HOLE PUNCH DL8230,STAPLERS,Wholesale,Piece,,PKR,200,170,30,0.15,0.17647058823529413,True,WS-RATES:35:37
RS-001261,DL DOUBLE HOLE PUNCH DL8250,STAPLERS,Wholesale,Piece,,PKR,500,490,10,0.02,0.02040816326530612,True,WS-RATES:36:2
RS-001262,(PAK/ZSI/LAPTOP/SM/DOLPHIN) M,GEOMATRIES,Wholesale,Piece,,PKR,90,75,15,0.16666666666666666,0.2,True,WS-RATES:36:3
RS-001263,DL ONE HOLE PUNCH DL1101,STAPLERS,Wholesale,Piece,,PKR,165,150,15,0.09090909090909091,0.1,True,WS-RATES:36:4
RS-001264,NYX ERASER 40 PCS,ERASERS,Wholesale,Pack,40,PKR,280,240,40,0.14285714285714285,0.16666666666666666,True,WS-RATES:36:5
RS-001265,B72 ERASER,ERASERS,Wholesale,Piece,,PKR,310,282,28,0.09032258064516129,0.09929078014184398,True,WS-RATES:36:6
RS-001266,FOX JUNIOR POSTER COLOUR,POSTER COLORS,Wholesale,Piece,,PKR,210,185,25,0.11904761904761904,0.13513513513513514,True,WS-RATES:36:7
RS-001267,KITA ERASER NO 723,ERASERS,Wholesale,Piece,,PKR,350,295,55,0.15714285714285714,0.1864406779661017,True,WS-RATES:36:8
RS-001268,KITA ERASRER K720,ERASERS,Wholesale,Piece,,PKR,310,270,40,0.12903225806451613,0.14814814814814814,True,WS-RATES:36:9
RS-001269,CHAMPION POSTER COLOUR 6+1,POSTER COLORS,Wholesale,Pack,7,PKR,120,100,20,0.16666666666666666,0.2,True,WS-RATES:36:10
RS-001270,MILAN ERASER 4080,ERASERS,Wholesale,Piece,,PKR,490,450,40,0.08163265306122448,0.08888888888888889,True,WS-RATES:36:11
RS-001271,FOX POSTER COLOUR 6+1,POSTER COLORS,Wholesale,Pack,7,PKR,120,100,20,0.16666666666666666,0.2,True,WS-RATES:36:12
RS-001272,NEXT/FS SHARPNER 48 PCS,SHARPNERS,Wholesale,Pack,48,PKR,230,180,50,0.21739130434782608,0.2777777777777778,True,WS-RATES:36:13
RS-001273,ARTIST POSTER COLOUR JUNIOR,POSTER COLORS,Wholesale,Piece,,PKR,210,185,25,0.11904761904761904,0.13513513513513514,True,WS-RATES:36:14
RS-001274,ARTIST POSTER COLOUR 6+1,POSTER COLORS,Wholesale,Pack,7,PKR,130,100,30,0.23076923076923078,0.3,True,WS-RATES:36:15
RS-001275,PAK SHARPNER 5 SALE,SHARPNERS,Wholesale,Piece,,PKR,240,225,15,0.0625,0.06666666666666667,True,WS-RATES:36:16
RS-001276,PAK SHARPNER 10 SALE,SHARPNERS,Wholesale,Piece,,PKR,210,190,20,0.09523809523809523,0.10526315789473684,True,WS-RATES:36:17
RS-001277,KITA ERASER K760,ERASERS,Wholesale,Piece,,PKR,250,225,25,0.1,0.1111111111111111,True,WS-RATES:36:18
RS-001278,DG 50 ERASER,ERASERS,Wholesale,Piece,,PKR,700,660,40,0.05714285714285714,0.06060606060606061,True,WS-RATES:36:19
RS-001279,OREGA JUNIOR POSTER COLOUR,POSTER COLORS,Wholesale,Piece,,PKR,210,185,25,0.11904761904761904,0.13513513513513514,True,WS-RATES:36:20
RS-001280,GLUE GUN (LARGE),GLUE GUN,Wholesale,Piece,,PKR,420,350,70,0.16666666666666666,0.2,True,WS-RATES:36:21
RS-001281,OREGA 6+1 POSTER COLOUR,POSTER COLORS,Wholesale,Pack,7,PKR,130,100,30,0.23076923076923078,0.3,True,WS-RATES:36:22
RS-001282,GLUE GUN (MEDIUM),GLUE GUN,Wholesale,Piece,,PKR,310,260,50,0.16129032258064516,0.19230769230769232,True,WS-RATES:36:23
RS-001283,GLITTER PEN 6PCS (FIRST),CHINA,Wholesale,Pack,6,PKR,150,122,28,0.18666666666666668,0.22950819672131148,True,WS-RATES:36:24
RS-001284,GLITTER PEN 12 PCS,CHINA,Wholesale,Pack,12,PKR,260,240,20,0.07692307692307693,0.08333333333333333,True,WS-RATES:36:25
RS-001285,GLUE GUN (SMALL),GLUE GUN,Wholesale,Piece,,PKR,210,160,50,0.23809523809523808,0.3125,True,WS-RATES:36:26
RS-001286,RUBBER BAND 150gm PACKET,CHINA,Wholesale,Pack,,PKR,190,170,20,0.10526315789473684,0.11764705882352941,True,WS-RATES:36:27
RS-001287,RUBBER BAND 300gm PACKET,CHINA,Wholesale,Pack,,PKR,380,340,40,0.10526315789473684,0.11764705882352941,True,WS-RATES:36:28
RS-001288,RUBBER BAND BOX,CHINA,Wholesale,Box,,PKR,40,35,5,0.125,0.14285714285714285,True,WS-RATES:36:29
RS-001289,ROSHNAI,CHINA,Wholesale,Piece,,PKR,55,42,13,0.23636363636363636,0.30952380952380953,True,WS-RATES:36:30
RS-001290,MR 13 DAIRY,DIARIES,Wholesale,Piece,,PKR,520,495,25,0.04807692307692308,0.050505050505050504,True,WS-RATES:36:31
RS-001291,RUBBER BAND PATTA,CHINA,Wholesale,Piece,,PKR,85,72,13,0.15294117647058825,0.18055555555555555,True,WS-RATES:36:32
RS-001292,MK 10 DAIRY,DIARIES,Wholesale,Piece,,PKR,520,469.255722408514,50.744277591486025,0.0975851492143962,0.10813779175890417,True,WS-RATES:36:33
RS-001293,MK 12 DAIRY,DIARIES,Wholesale,Piece,,PKR,640,615,25,0.0390625,0.04065040650406504,True,WS-RATES:36:34
RS-001294,PLAY DOUGH,CHINA,Wholesale,Piece,,PKR,47,43,4,0.0851063829787234,0.09302325581395349,True,WS-RATES:36:35
RS-001295,MR 12 DAIRY,DIARIES,Wholesale,Piece,,PKR,420,395,25,0.05952380952380952,0.06329113924050633,True,WS-RATES:36:36
RS-001296,MK 8 DAIRY,DIARIES,Wholesale,Piece,,PKR,420,395,25,0.05952380952380952,0.06329113924050633,True,WS-RATES:36:37
RS-001297,MR 14 DAIRY,DIARIES,Wholesale,Piece,,PKR,400,375,25,0.0625,0.06666666666666667,True,WS-RATES:37:2
RS-001298,MR 25 DAIRY,DIARIES,Wholesale,Piece,,PKR,380,355,25,0.06578947368421052,0.07042253521126761,True,WS-RATES:37:3
RS-001299,MK 5 DAIRY,DIARIES,Wholesale,Piece,,PKR,300,270,30,0.1,0.1111111111111111,True,WS-RATES:37:4
RS-001300,ZIGZAG SCISSOR,SCISSOR,Wholesale,Piece,,PKR,800,780,20,0.025,0.02564102564102564,True,WS-RATES:37:5
RS-001301,MC 30 DAIRY,DIARIES,Wholesale,Piece,,PKR,450,406.28,43.72000000000003,0.09715555555555562,0.10761051491582167,True,WS-RATES:37:6
RS-001302,LK 12 DAIRY,DIARIES,Wholesale,Piece,,PKR,590,565,25,0.0423728813559322,0.04424778761061947,True,WS-RATES:37:7
RS-001303,720 NUMBER SCISSOR,SCISSOR,Wholesale,Piece,,PKR,720,680,40,0.05555555555555555,0.058823529411764705,True,WS-RATES:37:8
RS-001304,LK 10 DAIRY,DIARIES,Wholesale,Piece,,PKR,480,455,25,0.052083333333333336,0.054945054945054944,True,WS-RATES:37:9
RS-001305,THUMB PIN COLOUR FULL 40pcs,CHINA,Wholesale,Pack,40,PKR,60,50,10,0.16666666666666666,0.2,True,WS-RATES:37:10
RS-001306,LK 8 DAIRY,DIARIES,Wholesale,Piece,,PKR,400,275,125,0.3125,0.45454545454545453,True,WS-RATES:37:11
RS-001307,580 NUMBER SCISSOR,SCISSOR,Wholesale,Piece,,PKR,580,470,110,0.1896551724137931,0.23404255319148937,True,WS-RATES:37:12
RS-001308,LK 6 DAIRY,DIARIES,Wholesale,Piece,,PKR,320,295,25,0.078125,0.0847457627118644,True,WS-RATES:37:13
RS-001309,MR 3 DAIRY,DIARIES,Wholesale,Piece,,PKR,320,295,25,0.078125,0.0847457627118644,True,WS-RATES:37:14
RS-001310,MR 2 DAIRY,DIARIES,Wholesale,Piece,,PKR,240,215,25,0.10416666666666667,0.11627906976744186,True,WS-RATES:37:15
RS-001311,CUTTER PATTA (LARGE),CHINA,Wholesale,Piece,,PKR,300,265,35,0.11666666666666667,0.1320754716981132,True,WS-RATES:37:16
RS-001312,MR 1 DAIRY,DIARIES,Wholesale,Piece,,PKR,190,171,19,0.1,0.1111111111111111,True,WS-RATES:37:17
RS-001313,CUTTER PATTA (SMALL),CHINA,Wholesale,Piece,,PKR,230,200,30,0.13043478260869565,0.15,True,WS-RATES:37:18
RS-001314,Z4 POCKET DAIRY NORMAL,DIARIES,Wholesale,Piece,,PKR,85,72,13,0.15294117647058825,0.18055555555555555,True,WS-RATES:37:19
RS-001315,Z4 POCKET DAIRY BUTTON,DIARIES,Wholesale,Piece,,PKR,110,95,15,0.13636363636363635,0.15789473684210525,True,WS-RATES:37:20
RS-001316,BINDER CLIP 32mm,CHINA,Wholesale,Piece,,PKR,150,110,40,0.26666666666666666,0.36363636363636365,True,WS-RATES:37:21
RS-001317,Z3 POCKET DAIRY,DIARIES,Wholesale,Piece,,PKR,68,53,15,0.22058823529411764,0.2830188679245283,True,WS-RATES:37:22
RS-001318,Z2 POCKET DAIRY,DIARIES,Wholesale,Piece,,PKR,36,28,8,0.2222222222222222,0.2857142857142857,True,WS-RATES:37:23
RS-001319,BINDER CLIP 51mm,CHINA,Wholesale,Piece,,PKR,320,290,30,0.09375,0.10344827586206896,True,WS-RATES:37:24
RS-001320,BINDER CLIP 41mm,CHINA,Wholesale,Piece,,PKR,210,185,25,0.11904761904761904,0.13513513513513514,True,WS-RATES:37:25
RS-001321,Z1 POCKET DAIRY,DIARIES,Wholesale,Piece,,PKR,21,15,6,0.2857142857142857,0.4,True,WS-RATES:37:26
RS-001322,BINDER CLIP 25mm,CHINA,Wholesale,Piece,,PKR,100,80,20,0.2,0.25,True,WS-RATES:37:27
RS-001323,BINDER CLIP COLOUR FULL 51mm,CHINA,Wholesale,Piece,,PKR,300,270,30,0.1,0.1111111111111111,True,WS-RATES:37:28
RS-001324,BINDER CLIP COLOUR FULL 41mm,CHINA,Wholesale,Piece,,PKR,500,450,50,0.1,0.1111111111111111,True,WS-RATES:37:29
RS-001325,HARD BOARD LUDO LARGE,LUDO,Wholesale,Piece,,PKR,430,380,50,0.11627906976744186,0.13157894736842105,True,WS-RATES:37:30
RS-001326,HARD BOARD LUDO SMALL,LUDO,Wholesale,Piece,,PKR,250,206,44,0.176,0.21359223300970873,True,WS-RATES:37:31
RS-001327,LUDO XXL,LUDO,Wholesale,Piece,,PKR,200,155,45,0.225,0.2903225806451613,True,WS-RATES:37:32
RS-001328,LUDO LARGE,LUDO,Wholesale,Piece,,PKR,150,135,15,0.1,0.1111111111111111,True,WS-RATES:37:33
RS-001329,LUDO MEDIUM,LUDO,Wholesale,Piece,,PKR,100,85,15,0.15,0.17647058823529413,True,WS-RATES:37:34
RS-001330,CHEATING PEN,CHINA,Wholesale,Piece,,PKR,35,28,7,0.2,0.25,True,WS-RATES:37:35
RS-001331,LUDO SMALL,LUDO,Wholesale,Piece,,PKR,75,60,15,0.2,0.25,True,WS-RATES:37:36
RS-001332,SHUTTLE MAVIS 500 (6 PCS),RACKETS,Wholesale,Pack,6,PKR,360,320,40,0.1111111111111111,0.125,True,WS-RATES:37:37
RS-001333,SHUTTLE TRUMP PLASTIC (6 PCS),RACKETS,Wholesale,Pack,6,PKR,480,420,60,0.125,0.14285714285714285,True,WS-RATES:38:2
RS-001334,SHUTTLE ASHRAF,RACKETS,Wholesale,Piece,,PKR,720,600,120,0.16666666666666666,0.2,True,WS-RATES:38:3
RS-001335,SHUTTLE SHAFIQUE GOLD,RACKETS,Wholesale,Piece,,PKR,1320,1100,220,0.16666666666666666,0.2,True,WS-RATES:38:4
RS-001336,FILE SEPARATOR 10,FILE,Wholesale,Piece,,PKR,90,75,15,0.16666666666666666,0.2,True,WS-RATES:38:5
RS-001337,PLASTIC ROLL 100 METER (6mm),NEW LIFE,Wholesale,Piece,,PKR,9000,8500,500,0.05555555555555555,0.058823529411764705,True,WS-RATES:38:6
RS-001338,RACKET BABY B,RACKETS,Wholesale,Piece,,PKR,320,290,30,0.09375,0.10344827586206896,True,WS-RATES:38:7
RS-001339,RACKET BABY A,RACKETS,Wholesale,Piece,,PKR,380,320,60,0.15789473684210525,0.1875,True,WS-RATES:38:8
RS-001340,RACKET JALI,RACKETS,Wholesale,Piece,,PKR,500,450,50,0.1,0.1111111111111111,True,WS-RATES:38:9
RS-001341,PLASTIC ROLL 50 METER,NEW LIFE,Wholesale,Piece,,PKR,5100,4870,230,0.045098039215686274,0.04722792607802875,True,WS-RATES:38:10
RS-001342,RACKET 5 STAR,RACKETS,Wholesale,Piece,,PKR,650,570,80,0.12307692307692308,0.14035087719298245,True,WS-RATES:38:11
RS-001343,CRAPE PAPER,NEW LIFE,Wholesale,Piece,,PKR,300,260,40,0.13333333333333333,0.15384615384615385,True,WS-RATES:38:12
RS-001344,RACKET ASHAWAY,RACKETS,Wholesale,Piece,,PKR,1200,1120,80,0.06666666666666667,0.07142857142857142,True,WS-RATES:38:13
RS-001345,CRAFT PAPER 12PCS,NEW LIFE,Wholesale,Pack,12,PKR,80,60,20,0.25,0.3333333333333333,True,WS-RATES:38:14
RS-001346,BUTTER PAPER (CUTT) PACK,NEW LIFE,Wholesale,Pack,,PKR,550,450,100,0.18181818181818182,0.2222222222222222,True,WS-RATES:38:15
RS-001347,COLOURING BOOK (HANDLE),CHINA,Wholesale,Piece,,PKR,420,390,30,0.07142857142857142,0.07692307692307693,True,WS-RATES:38:16
RS-001348,COLOURING BOOK (LARGE) 24PCS,CHINA,Wholesale,Pack,24,PKR,480,450,30,0.0625,0.06666666666666667,True,WS-RATES:38:17
RS-001349,BUTTER PAPER 12PCS,NEW LIFE,Wholesale,Pack,12,PKR,75,65,10,0.13333333333333333,0.15384615384615385,True,WS-RATES:38:18
RS-001350,RACKET EMINENT A+ 777,RACKETS,Wholesale,Piece,,PKR,1200,980,220,0.18333333333333332,0.22448979591836735,True,WS-RATES:38:19
RS-001351,CHAMKEELI SHEET 96 PCS,NEW LIFE,Wholesale,Pack,96,PKR,740,660,80,0.10810810810810811,0.12121212121212122,True,WS-RATES:38:20
RS-001352,FANCY SHEET 20 PCS,NEW LIFE,Wholesale,Pack,20,PKR,420,268.333333333333,151.66666666666703,0.361111111111112,0.5652173913043499,True,WS-RATES:38:21
RS-001353,BILL GATTA SMALL,CLIP BOARD,Wholesale,Piece,,PKR,50,42,8,0.16,0.19047619047619047,True,WS-RATES:38:22
RS-001354,COLOURING BOOK (MEDIUM),CHINA,Wholesale,Piece,,PKR,240,200,40,0.16666666666666666,0.2,True,WS-RATES:38:23
RS-001355,COLOURING BOOK (SMALL),CHINA,Wholesale,Piece,,PKR,120,90,30,0.25,0.3333333333333333,True,WS-RATES:38:24
RS-001356,FOAMIC GLITTER,GLITTER SHEETS,Wholesale,Piece,,PKR,270,250,20,0.07407407407407407,0.08,True,WS-RATES:38:25
RS-001357,FOAM BALL LARGE(1PCS),BALL,Individual,Piece,1,PKR,130,120,10,0.07692307692307693,0.08333333333333333,True,WS-RATES:38:26
RS-001358,PLASTIC SHEET B,GLITTER SHEETS,Wholesale,Piece,,PKR,1100,950,150,0.13636363636363635,0.15789473684210525,True,WS-RATES:38:27
RS-001359,FOAM BALL MEDIUM(1PCS),BALL,Individual,Piece,1,PKR,65,54,11,0.16923076923076924,0.2037037037037037,True,WS-RATES:38:28
RS-001360,PLASTIC SHEET A,GLITTER SHEETS,Wholesale,Piece,,PKR,1520,1400,120,0.07894736842105263,0.08571428571428572,True,WS-RATES:38:29
RS-001361,PLASTIC SHEET A+ (GREEN+BLAC),GLITTER SHEETS,Wholesale,Piece,,PKR,2200,1350,850,0.38636363636363635,0.6296296296296297,True,WS-RATES:38:30
RS-001362,FOAM BALL SMALL(1PCS),BALL,Individual,Piece,1,PKR,45,39,6,0.13333333333333333,0.15384615384615385,True,WS-RATES:38:31
RS-001363,PLASTIC SHEET A+ RED,GLITTER SHEETS,Wholesale,Piece,,PKR,2350,2180,170,0.07234042553191489,0.0779816513761468,True,WS-RATES:38:32
RS-001364,STICKY NOTE FANCY,CHINA,Wholesale,Piece,,PKR,75,66,9,0.12,0.13636363636363635,True,WS-RATES:38:33
RS-001365,GIFT PAPER,GLITTER SHEETS,Wholesale,Piece,,PKR,11.67,10,1.67,0.143101970865467,0.16699999999999998,True,WS-RATES:38:34
RS-001366,BALOON BIRTHDAY (R 2.5),BALLOONS,Wholesale,Piece,,PKR,340,315,25,0.07352941176470588,0.07936507936507936,True,WS-RATES:38:35
RS-001367,BALOON MULTI SMALL,BALLOONS,Wholesale,Piece,,PKR,130,108,22,0.16923076923076924,0.2037037037037037,True,WS-RATES:38:36
RS-001368,GLAZE SHEET,GLITTER SHEETS,Wholesale,Piece,,PKR,12.5,10.8,1.6999999999999993,0.13599999999999995,0.15740740740740733,True,WS-RATES:38:37
RS-001369,BALOON SHINE (50PCS),BALLOONS,Wholesale,Pack,50,PKR,280,265,15,0.05357142857142857,0.05660377358490566,True,WS-RATES:39:2
RS-001370,STICKY NOTE COLOUR 3x5,CHINA,Wholesale,Piece,,PKR,120,114,6,0.05,0.05263157894736842,True,WS-RATES:39:3
RS-001371,BALOON SMALL 500PCS,BALLOONS,Wholesale,Pack,500,PKR,180,160,20,0.1111111111111111,0.125,True,WS-RATES:39:4
RS-001372,BALOON SINGLE COLOUR PANDA,BALLOONS,Wholesale,Piece,,PKR,280,260,20,0.07142857142857142,0.07692307692307693,True,WS-RATES:39:5
RS-001373,LUDO GOTI MEDIUM (BOX),LUDO DANA + GOTI,Wholesale,Box,,PKR,23,15,8,0.34782608695652173,0.5333333333333333,True,WS-RATES:39:6
RS-001374,STICKY NOTE YELLOW 3x5,CHINA,Wholesale,Piece,,PKR,105,100,5,0.047619047619047616,0.05,True,WS-RATES:39:7
RS-001375,LUDO GOTI JAR LARGE,LUDO DANA + GOTI,Wholesale,Jar,,PKR,75,60,15,0.2,0.25,True,WS-RATES:39:8
RS-001376,COLOUR PAPER 250PCS,COLOUR PAPER,Wholesale,Pack,250,PKR,700,560,140,0.2,0.25,True,WS-RATES:39:9
RS-001377,LUDO GOTI JAR MEDIUM,LUDO DANA + GOTI,Wholesale,Jar,,PKR,60,45,15,0.25,0.3333333333333333,True,WS-RATES:39:10
RS-001378,LUDO GOTI JAR SMALL,LUDO DANA + GOTI,Wholesale,Jar,,PKR,45,35,10,0.2222222222222222,0.2857142857142857,True,WS-RATES:39:11
RS-001379,COLOUR PAPER SINGLE COLOUR,COLOUR PAPER,Wholesale,Piece,,PKR,310,210,100,0.3225806451612903,0.47619047619047616,True,WS-RATES:39:12
RS-001380,STICKY NOTE YELLOW 3x4,CHINA,Wholesale,Piece,,PKR,90,85,5,0.05555555555555555,0.058823529411764705,True,WS-RATES:39:13
RS-001381,WOODEN SCALE (B),SCALES,Wholesale,Piece,,PKR,65,55,10,0.15384615384615385,0.18181818181818182,True,WS-RATES:39:14
RS-001382,SILVER CHART,CHARTS,Wholesale,Piece,,PKR,80,70,10,0.125,0.14285714285714285,True,WS-RATES:39:15
RS-001383,WOODEN SCALE (A),SCALES,Wholesale,Piece,,PKR,90,85,5,0.05555555555555555,0.058823529411764705,True,WS-RATES:39:16
RS-001384,STICKY NOTE COLOUR 3x4,CHINA,Wholesale,Piece,,PKR,105,97,8,0.0761904761904762,0.08247422680412371,True,WS-RATES:39:17
RS-001385,GOLDEN CHART,CHARTS,Wholesale,Piece,,PKR,85,75,10,0.11764705882352941,0.13333333333333333,True,WS-RATES:39:18
RS-001386,CHINA WATER COLOUR (1pcs),WATER COLORS,Individual,Piece,1,PKR,31,27,4,0.12903225806451613,0.14814814814814814,True,WS-RATES:39:19
RS-001387,SOFT CHART COLOUR 120 G,CHARTS,Wholesale,Piece,,PKR,23,20,3,0.13043478260869565,0.15,True,WS-RATES:39:20
RS-001388,STICKY NOTE 3x4 LIGHT COLOUR,CHINA,Wholesale,Piece,,PKR,75,70,5,0.06666666666666667,0.07142857142857142,True,WS-RATES:39:21
RS-001389,PEN CONTAINER SMALL,CHINA,Wholesale,Piece,,PKR,140,125,15,0.10714285714285714,0.12,True,WS-RATES:39:22
RS-001390,TISSUE,CHINA,Wholesale,Piece,,PKR,140,125,15,0.10714285714285714,0.12,True,WS-RATES:39:23
RS-001391,STICKY NOTE COLOUR CUT,CHINA,Wholesale,Piece,,PKR,65,60,5,0.07692307692307693,0.08333333333333333,True,WS-RATES:39:24
RS-001392,WHITE CHART 180 GRAM,CHARTS,Wholesale,Piece,,PKR,33,30,3,0.09090909090909091,0.1,True,WS-RATES:39:25
RS-001393,HAND GRIP ADJUSTABLE (COUNT),HAND GRIP,Wholesale,Piece,,PKR,420,380,40,0.09523809523809523,0.10526315789473684,True,WS-RATES:39:26
RS-001394,HAND GRIP PATA GP,HAND GRIP,Wholesale,Piece,,PKR,250,220,30,0.12,0.13636363636363635,True,WS-RATES:39:27
RS-001395,WHITE CHART 150 GRAM,CHARTS,Wholesale,Piece,,PKR,27,24.5,2.5,0.09259259259259259,0.10204081632653061,True,WS-RATES:39:28
RS-001396,HAND GRIP BOX GP,HAND GRIP,Wholesale,Box,,PKR,240,200,40,0.16666666666666666,0.2,True,WS-RATES:39:29
RS-001397,STICKY NOTE COLOUR 3x3,CHINA,Wholesale,Piece,,PKR,60,55,5,0.08333333333333333,0.09090909090909091,True,WS-RATES:39:30
RS-001398,HAND GRIP R203,HAND GRIP,Wholesale,Piece,,PKR,270,230,40,0.14814814814814814,0.17391304347826086,True,WS-RATES:39:31
RS-001399,WHITE CHART 120 GRAM,CHARTS,Wholesale,Piece,,PKR,23,20,3,0.13043478260869565,0.15,True,WS-RATES:39:32
RS-001400,JUMPING ROPE HALF FOAM,CHINA,Wholesale,Piece,,PKR,300,270,30,0.1,0.1111111111111111,True,WS-RATES:39:33
RS-001401,STICKY NOTE YELLOW 3x3,CHINA,Wholesale,Piece,,PKR,55,50,5,0.09090909090909091,0.1,True,WS-RATES:39:34
RS-001402,JUMPING ROPE FULL FOAM,CHINA,Wholesale,Piece,,PKR,330,300,30,0.09090909090909091,0.1,True,WS-RATES:39:35
RS-001403,JUMPING ROPE BEEDS,CHINA,Wholesale,Piece,,PKR,350,320,30,0.08571428571428572,0.09375,True,WS-RATES:39:36
RS-001404,STICKY NOTE ARROW 5PCS,CHINA,Wholesale,Pack,5,PKR,42,35,7,0.16666666666666666,0.2,True,WS-RATES:39:37
RS-001405,BAT GRIP IMRAN,BAT GRIP,Wholesale,Piece,,PKR,800,650,150,0.1875,0.23076923076923078,True,WS-RATES:40:2
RS-001406,HARD CHART COLOUR,CHARTS,Wholesale,Piece,,PKR,25,21.5,3.5,0.14,0.16279069767441862,True,WS-RATES:40:3
RS-001407,BAT GRIP (A),BAT GRIP,Wholesale,Piece,,PKR,950,850,100,0.10526315789473684,0.11764705882352941,True,WS-RATES:40:4
RS-001408,STICKY NOTE ARROW 10PCS,CHINA,Wholesale,Pack,10,PKR,75,65,10,0.13333333333333333,0.15384615384615385,True,WS-RATES:40:5
RS-001409,CUBE CURTAIN,DISPLAY,Wholesale,Piece,,PKR,140,100,40,0.2857142857142857,0.4,True,WS-RATES:40:6
RS-001410,ZIGZAG CURTAIN,DISPLAY,Wholesale,Piece,,PKR,140,100,40,0.2857142857142857,0.4,True,WS-RATES:40:7
RS-001411,BABY BOY DISPLAY,DISPLAY,Wholesale,Piece,,PKR,185,170,15,0.08108108108108109,0.08823529411764706,True,WS-RATES:40:8
RS-001412,BIRTHDAY GIRL DISPLAY,DISPLAY,Wholesale,Piece,,PKR,200,180,20,0.1,0.1111111111111111,True,WS-RATES:40:9
RS-001413,MEHENDI DISPLAY,DISPLAY,Wholesale,Piece,,PKR,160,125,35,0.21875,0.28,True,WS-RATES:40:10
RS-001414,WELCOME BOY DISPLAY,DISPLAY,Wholesale,Piece,,PKR,245,230,15,0.061224489795918366,0.06521739130434782,True,WS-RATES:40:11
RS-001415,HAPPY BIRTHDAY DISPLAY,DISPLAY,Wholesale,Piece,,PKR,170,135,35,0.20588235294117646,0.25925925925925924,True,WS-RATES:40:12
RS-001416,GATTA GRAPH COPY,PRACTICAL COPY,Wholesale,Piece,,PKR,250,220,30,0.12,0.13636363636363635,True,WS-RATES:40:13
RS-001417,IMP PRACTICAL COPY,PRACTICAL COPY,Wholesale,Piece,,PKR,360,320,40,0.1111111111111111,0.125,True,WS-RATES:40:14
RS-001418,WELCOME DISPLAY,DISPLAY,Wholesale,Piece,,PKR,150,115,35,0.23333333333333334,0.30434782608695654,True,WS-RATES:40:15
RS-001419,BAAT PAKKI DISPLAY,DISPLAY,Wholesale,Piece,,PKR,190,165,25,0.13157894736842105,0.15151515151515152,True,WS-RATES:40:16
RS-001420,P8 PRACTICAL COPY,PRACTICAL COPY,Wholesale,Piece,,PKR,235,215,20,0.0851063829787234,0.09302325581395349,True,WS-RATES:40:17
RS-001421,P7 PRACTICAL COPY,PRACTICAL COPY,Wholesale,Piece,,PKR,210,195,15,0.07142857142857142,0.07692307692307693,True,WS-RATES:40:18
RS-001422,BRIDE TO BE DISPLAY,DISPLAY,Wholesale,Piece,,PKR,190,165,25,0.13157894736842105,0.15151515151515152,True,WS-RATES:40:19
RS-001423,UMRAH MUBARAK DISPLAY,DISPLAY,Wholesale,Piece,,PKR,210,165,45,0.21428571428571427,0.2727272727272727,True,WS-RATES:40:20
RS-001424,P6 PRACTICAL COPY,PRACTICAL COPY,Wholesale,Piece,,PKR,190,175,15,0.07894736842105263,0.08571428571428572,True,WS-RATES:40:21
RS-001425,RASM E HINA DISPLAY,DISPLAY,Wholesale,Piece,,PKR,200,180,20,0.1,0.1111111111111111,True,WS-RATES:40:22
RS-001426,P5 PRATICAL COPY,PRACTICAL COPY,Wholesale,Piece,,PKR,165,150,15,0.09090909090909091,0.1,True,WS-RATES:40:23
RS-001427,P4 PRACTICAL COPY,PRACTICAL COPY,Wholesale,Piece,,PKR,145,130,15,0.10344827586206896,0.11538461538461539,True,WS-RATES:40:24
RS-001428,BRIDAL SHOWER DISPLAY,DISPLAY,Wholesale,Piece,,PKR,210,200,10,0.047619047619047616,0.05,True,WS-RATES:40:25
RS-001429,ENGAGED DISPLAY,DISPLAY,Wholesale,Piece,,PKR,180,155,25,0.1388888888888889,0.16129032258064516,True,WS-RATES:40:26
RS-001430,QALAM LAKRI,CHINA,Wholesale,Piece,,PKR,40,25,15,0.375,0.6,True,WS-RATES:40:27
RS-001431,P3 PRACTICAL COPY,PRACTICAL COPY,Wholesale,Piece,,PKR,120,105,15,0.125,0.14285714285714285,True,WS-RATES:40:28
RS-001432,QABOOL HAI DISPLAY,DISPLAY,Wholesale,Piece,,PKR,205,185,20,0.0975609756097561,0.10810810810810811,True,WS-RATES:40:29
RS-001433,P2 PRACTICAL COPY,PRACTICAL COPY,Wholesale,Piece,,PKR,95,85,10,0.10526315789473684,0.11764705882352941,True,WS-RATES:40:30
RS-001434,DUSTER,CHINA,Wholesale,Piece,,PKR,20,11,9,0.45,0.8181818181818182,True,WS-RATES:40:31
RS-001435,DUSTER FOAM (PACK),CHINA,Wholesale,Pack,,PKR,250,180,70,0.28,0.3888888888888889,True,WS-RATES:40:32
RS-001436,BIRTHDAY CAP 3,BIRTHDAY,Wholesale,Piece,,PKR,65,41,24,0.36923076923076925,0.5853658536585366,True,WS-RATES:40:33
RS-001437,BIRTHDAY CAP 2,BIRTHDAY,Wholesale,Piece,,PKR,40,31,9,0.225,0.2903225806451613,True,WS-RATES:40:34
RS-001438,MINI STAPLER PACK,CHINA,Wholesale,Pack,,PKR,260,230,30,0.11538461538461539,0.13043478260869565,True,WS-RATES:40:35
RS-001439,BIRTHDAY CAP 1,BIRTHDAY,Wholesale,Piece,,PKR,30,19,11,0.36666666666666664,0.5789473684210527,True,WS-RATES:40:36
RS-001440,BALOON BIRTHDAY R3,BALLOONS,Wholesale,Piece,,PKR,380,350,30,0.07894736842105263,0.08571428571428572,True,WS-RATES:40:37
RS-001441,SHOULDER BAG NO 7,BAGS,Wholesale,Piece,,PKR,1320,1200,120,0.09090909090909091,0.1,True,WS-RATES:41:2
RS-001442,SHOULDER BAG NO 6,BAGS,Wholesale,Piece,,PKR,1560,1380,180,0.11538461538461539,0.13043478260869565,True,WS-RATES:41:3
RS-001443,ABC SCALE 4PCS,CHINA,Wholesale,Pack,4,PKR,60,48,12,0.2,0.25,True,WS-RATES:41:4
RS-001444,SHOULDER BAG NO 5,BAGS,Wholesale,Piece,,PKR,1320,1200,120,0.09090909090909091,0.1,True,WS-RATES:41:5
RS-001445,HAPPY BIRTTDAY CANDLE,CANDLES,Wholesale,Piece,,PKR,80,70,10,0.125,0.14285714285714285,True,WS-RATES:41:6
RS-001446,SHOULDER BAG NO 4,BAGS,Wholesale,Piece,,PKR,1200,1080,120,0.1,0.1111111111111111,True,WS-RATES:41:7
RS-001447,HAPPY BIRTHDAY CANDLE,CANDLES,Wholesale,Piece,,PKR,80,70,10,0.125,0.14285714285714285,True,WS-RATES:41:8
RS-001448,SHOULDER BAG NO 3,BAGS,Wholesale,Piece,,PKR,900,780,120,0.13333333333333333,0.15384615384615385,True,WS-RATES:41:9
RS-001449,SHOULDER BAG NO 2,BAGS,Wholesale,Piece,,PKR,780,700,80,0.10256410256410256,0.11428571428571428,True,WS-RATES:41:10
RS-001450,MASK POUCH BLACK,POUCH,Wholesale,Piece,,PKR,100,85,15,0.15,0.17647058823529413,True,WS-RATES:41:11
RS-001451,SKECH PENCIL (G/F),PENCILS,Wholesale,Piece,,PKR,190,180,10,0.05263157894736842,0.05555555555555555,True,WS-RATES:41:12
RS-001452,SPARKING CANDLE CHINA SMALL,BIRTHDAY,Wholesale,Piece,,PKR,230,200,30,0.13043478260869565,0.15,True,WS-RATES:41:13
RS-001453,SPARKING CANDLE CHINA MEDIU,BIRTHDAY,Wholesale,Piece,,PKR,270,220,50,0.18518518518518517,0.22727272727272727,True,WS-RATES:41:14
RS-001454,SPARKING CANDLE CHINA LARGE,BIRTHDAY,Wholesale,Piece,,PKR,300,280,20,0.06666666666666667,0.07142857142857142,True,WS-RATES:41:15
RS-001455,SPARKING CANDLE PAKISTAN ME,BIRTHDAY,Wholesale,Piece,,PKR,300,280,20,0.06666666666666667,0.07142857142857142,True,WS-RATES:41:16
RS-001456,SPARKING CANDLE PAKISTAN LAR,BIRTHDAY,Wholesale,Piece,,PKR,350,330,20,0.05714285714285714,0.06060606060606061,True,WS-RATES:41:17
RS-001457,SHOULDER BAG NO 1,BAGS,Wholesale,Piece,,PKR,540,480,60,0.1111111111111111,0.125,True,WS-RATES:41:18
RS-001458,PLASTIC WHISTLE,CHINA,Wholesale,Piece,,PKR,380,300,80,0.21052631578947367,0.26666666666666666,True,WS-RATES:41:19
RS-001459,BIRTHDAY CANDLE PATA,BIRTHDAY,Wholesale,Piece,,PKR,35,30,5,0.14285714285714285,0.16666666666666666,True,WS-RATES:41:20
RS-001460,BIRTHDAY CANDLE,BIRTHDAY,Wholesale,Piece,,PKR,270,260,10,0.037037037037037035,0.038461538461538464,True,WS-RATES:41:21
RS-001461,TAPE DISPENSER OWNER (LARGE),CHINA,Wholesale,Piece,,PKR,280,260,20,0.07142857142857142,0.07692307692307693,True,WS-RATES:41:22
RS-001462,SUBJECT REGISTER NO 5,RING REGISTERS,Wholesale,Piece,,PKR,300,270,30,0.1,0.1111111111111111,True,WS-RATES:41:23
RS-001463,CAKE TOPPER SMALL,BIRTHDAY,Wholesale,Piece,,PKR,70,60,10,0.14285714285714285,0.16666666666666666,True,WS-RATES:41:24
RS-001464,SUBJECT REGISTER NO 6,RING REGISTERS,Wholesale,Piece,,PKR,350,320,30,0.08571428571428572,0.09375,True,WS-RATES:41:25
RS-001465,PARTY POPPER MEDIUM,BIRTHDAY,Wholesale,Piece,,PKR,95,75,20,0.21052631578947367,0.26666666666666666,True,WS-RATES:41:26
RS-001466,PARTY POPPER SMALL,BIRTHDAY,Wholesale,Piece,,PKR,70,55,15,0.21428571428571427,0.2727272727272727,True,WS-RATES:41:27
RS-001467,SUBJECT REGISTER NO 7,RING REGISTERS,Wholesale,Piece,,PKR,420,390,30,0.07142857142857142,0.07692307692307693,True,WS-RATES:41:28
RS-001468,TAPE DISPENSER OWNER (SMALL),CHINA,Wholesale,Piece,,PKR,110,92,18,0.16363636363636364,0.1956521739130435,True,WS-RATES:41:29
RS-001469,CUTE COLOURING BOOK SMALL,CHINA,Wholesale,Piece,,PKR,480,440,40,0.08333333333333333,0.09090909090909091,True,WS-RATES:41:30
RS-001470,SUBJECT REGISTER NO 8,RING REGISTERS,Wholesale,Piece,,PKR,460,430,30,0.06521739130434782,0.06976744186046512,True,WS-RATES:41:31
RS-001471,3 IN 1 QAIDA SMALL,QAIDA,Wholesale,Piece,,PKR,58,45,13,0.22413793103448276,0.28888888888888886,True,WS-RATES:41:32
RS-001472,AMOS CRAFT GLUE,GUM STICK,Wholesale,Piece,,PKR,72,63,9,0.125,0.14285714285714285,True,WS-RATES:41:33
RS-001473,RING DAIRY A7 24PCS,FANCY DIARIES,Wholesale,Pack,24,PKR,2400,2030,370,0.15416666666666667,0.18226600985221675,True,WS-RATES:41:34
RS-001474,WOODEN BAT (XXL),BAT,Wholesale,Piece,,PKR,1450,1150,300,0.20689655172413793,0.2608695652173913,True,WS-RATES:41:35
RS-001475,A5 NOTEBOOK FANCY DAIRY,FANCY DIARIES,Wholesale,Piece,,PKR,320,270,50,0.15625,0.18518518518518517,True,WS-RATES:41:36
RS-001476,WOODEN BAT (L),BAT,Wholesale,Piece,,PKR,1050,900,150,0.14285714285714285,0.16666666666666666,True,WS-RATES:41:37
RS-001477,COLOUR SMOKE,CHINA,Wholesale,Piece,,PKR,190,145,45,0.23684210526315788,0.3103448275862069,True,WS-RATES:42:2
RS-001478,MASK BLACK 50PCS,CHINA,Wholesale,Pack,50,PKR,140,115,25,0.17857142857142858,0.21739130434782608,True,WS-RATES:42:3
RS-001479,WOODEN BAT (ML),BAT,Wholesale,Piece,,PKR,700,680,20,0.02857142857142857,0.029411764705882353,True,WS-RATES:42:4
RS-001480,MASK BLUE 50PCS,CHINA,Wholesale,Pack,50,PKR,130,110,20,0.15384615384615385,0.18181818181818182,True,WS-RATES:42:5
RS-001481,WOODEN BAT COLOUR(M),BAT,Wholesale,Piece,,PKR,500,450,50,0.1,0.1111111111111111,True,WS-RATES:42:6
RS-001482,BULBULA PEN 1PC,BALL POINT,Individual,Piece,1,PKR,55,50,5,0.09090909090909091,0.1,True,WS-RATES:42:7
RS-001483,SNOW SPRAY SMALL 6 KG,BIRTHDAY,Wholesale,Piece,,PKR,90,82,8,0.08888888888888889,0.0975609756097561,True,WS-RATES:42:8
RS-001484,WOODEN BAT (SM),BAT,Wholesale,Piece,,PKR,450,350,100,0.2222222222222222,0.2857142857142857,True,WS-RATES:42:9
RS-001485,WOODEN BAT (S),BAT,Wholesale,Piece,,PKR,350,290,60,0.17142857142857143,0.20689655172413793,True,WS-RATES:42:10
RS-001486,....,CHINA,Wholesale,Piece,,PKR,65,62,3,0.046153846153846156,0.04838709677419355,True,WS-RATES:42:11
RS-001487,SNOW SPRAY LARGE,BIRTHDAY,Wholesale,Piece,,PKR,130,115,15,0.11538461538461539,0.13043478260869565,True,WS-RATES:42:12
RS-001488,UMRAH SAVING BOX,CHINA,Wholesale,Box,,PKR,240,230,10,0.041666666666666664,0.043478260869565216,True,WS-RATES:42:13
RS-001489,DANTEL POWDER,BAT,Wholesale,Piece,,PKR,360,320,40,0.1111111111111111,0.125,True,WS-RATES:42:14
RS-001490,PLASTIC WICKET SET,BAT,Wholesale,Set,,PKR,180,145,35,0.19444444444444445,0.2413793103448276,True,WS-RATES:42:15
RS-001491,CHINA MITTI FOAM,CLAY,Wholesale,Piece,,PKR,75,64,11,0.14666666666666667,0.171875,True,WS-RATES:42:16
RS-001492,CANVAS ROUND 8 INCH,CANVAS BOARD,Wholesale,Piece,,PKR,180,170,10,0.05555555555555555,0.058823529411764705,True,WS-RATES:42:17
RS-001493,CHARCOAL PENCIL PKT,PENCILS,Wholesale,Piece,,PKR,480,440,40,0.08333333333333333,0.09090909090909091,True,WS-RATES:42:18
RS-001494,PLASTIC BAT NO 6,BAT,Wholesale,Piece,,PKR,165,145,20,0.12121212121212122,0.13793103448275862,True,WS-RATES:42:19
RS-001495,PLASTIC BAT NO 4,BAT,Wholesale,Piece,,PKR,140,115,25,0.17857142857142858,0.21739130434782608,True,WS-RATES:42:20
RS-001496,PLASTIC BAT NO 3,BAT,Wholesale,Piece,,PKR,120,100,20,0.16666666666666666,0.2,True,WS-RATES:42:21
RS-001497,ICE CREAM STICK COLOUR (L),STICKS,Wholesale,Piece,,PKR,38,25,13,0.34210526315789475,0.52,True,WS-RATES:42:22
RS-001498,CANVAS ROUND 6 INCH,CANVAS BOARD,Wholesale,Piece,,PKR,140,120,20,0.14285714285714285,0.16666666666666666,True,WS-RATES:42:23
RS-001499,CANVAS 2X3,CANVAS BOARD,Wholesale,Piece,,PKR,330,300,30,0.09090909090909091,0.1,True,WS-RATES:42:24
RS-001500,ICE CREAM STICK COLOUR (S),STICKS,Wholesale,Piece,,PKR,21,14,7,0.3333333333333333,0.5,True,WS-RATES:42:25
RS-001501,PLASTIC BAT NO 2,BAT,Wholesale,Piece,,PKR,100,85,15,0.15,0.17647058823529413,True,WS-RATES:42:26
RS-001502,CANVAS 1.5X1.5,CANVAS BOARD,Wholesale,Piece,,PKR,140,115,25,0.17857142857142858,0.21739130434782608,True,WS-RATES:42:27
RS-001503,CANVAS 2X2,CANVAS BOARD,Wholesale,Piece,,PKR,230,200,30,0.13043478260869565,0.15,True,WS-RATES:42:28
RS-001504,PLASTIC BAT NO 1,BAT,Wholesale,Piece,,PKR,90,80,10,0.1111111111111111,0.125,True,WS-RATES:42:29
RS-001505,ICE CREAM STICK WHITE (L),STICKS,Wholesale,Piece,,PKR,33,22,11,0.3333333333333333,0.5,True,WS-RATES:42:30
RS-001506,CANVAS 1.5X2,CANVAS BOARD,Wholesale,Piece,,PKR,180,140,40,0.2222222222222222,0.2857142857142857,True,WS-RATES:42:31
RS-001507,PLASTIC BAT NO 0,BAT,Wholesale,Piece,,PKR,70,60,10,0.14285714285714285,0.16666666666666666,True,WS-RATES:42:32
RS-001508,CANVAS 1X2,CANVAS BOARD,Wholesale,Piece,,PKR,135,110,25,0.18518518518518517,0.22727272727272727,True,WS-RATES:42:33
RS-001509,ICE CREAM STICK WHITE (S),STICKS,Wholesale,Piece,,PKR,16,10,6,0.375,0.6,True,WS-RATES:42:34
RS-001510,CANVAS 1X1.5,CANVAS BOARD,Wholesale,Piece,,PKR,110,90,20,0.18181818181818182,0.2222222222222222,True,WS-RATES:42:35
RS-001511,CANVAS 1X1,CANVAS BOARD,Wholesale,Piece,,PKR,90,70,20,0.2222222222222222,0.2857142857142857,True,WS-RATES:42:36
RS-001512,SLATE PAK ITEHAD,CHINA,Wholesale,Piece,,PKR,120,110,10,0.08333333333333333,0.09090909090909091,True,WS-RATES:42:37
RS-001513,PLASTIC BALL NO 85,BALL,Wholesale,Piece,,PKR,85,75,10,0.11764705882352941,0.13333333333333333,True,WS-RATES:43:2
RS-001514,CANVAS 10X10,CANVAS BOARD,Wholesale,Piece,,PKR,80,65,15,0.1875,0.23076923076923078,True,WS-RATES:43:3
RS-001515,CANVAS 8X8,CANVAS BOARD,Wholesale,Piece,,PKR,75,55,20,0.26666666666666666,0.36363636363636365,True,WS-RATES:43:4
RS-001516,PLASTIC BALL NO 80,BALL,Wholesale,Piece,,PKR,80,70,10,0.125,0.14285714285714285,True,WS-RATES:43:5
RS-001517,SLATE NAFEES,CHINA,Wholesale,Piece,,PKR,75,63,12,0.16,0.19047619047619047,True,WS-RATES:43:6
RS-001518,CANVAS 6X6,CANVAS BOARD,Wholesale,Piece,,PKR,60,50,10,0.16666666666666666,0.2,True,WS-RATES:43:7
RS-001519,PLASTIC BALL DORI,BALL,Wholesale,Piece,,PKR,135,118,17,0.1259259259259259,0.1440677966101695,True,WS-RATES:43:8
RS-001520,PLASTIC BALL NO 70,BALL,Wholesale,Piece,,PKR,70,60,10,0.14285714285714285,0.16666666666666666,True,WS-RATES:43:9
RS-001521,DUSTER FANCY MAGNETIC,CHINA,Wholesale,Piece,,PKR,95,85,10,0.10526315789473684,0.11764705882352941,True,WS-RATES:43:10
RS-001522,SM COMPASS PATA,COMPASS,Wholesale,Piece,,PKR,480,288,192,0.4,0.6666666666666666,True,WS-RATES:43:11
RS-001523,175 GRAM BALL KING,BALL,Wholesale,Piece,,PKR,260,215,45,0.17307692307692307,0.20930232558139536,True,WS-RATES:43:12
RS-001524,150 GRAM BALL KING,BALL,Wholesale,Piece,,PKR,230,190,40,0.17391304347826086,0.21052631578947367,True,WS-RATES:43:13
RS-001525,125 GRAM BALL KING,BALL,Wholesale,Piece,,PKR,210,195,15,0.07142857142857142,0.07692307692307693,True,WS-RATES:43:14
RS-001526,AIR PUMP LARGE,CHINA,Wholesale,Piece,,PKR,460,400,60,0.13043478260869565,0.15,True,WS-RATES:43:15
RS-001527,SM SET SQUARE,D-SET SQARE,Wholesale,Set,,PKR,42,39,3,0.07142857142857142,0.07692307692307693,True,WS-RATES:43:16
RS-001528,SM D,D,Wholesale,Piece,,PKR,10,8,2,0.2,0.25,True,WS-RATES:43:17
RS-001529,PEPSI BALL 100 G,BALL,Wholesale,Piece,,PKR,115,96,19,0.16521739130434782,0.19791666666666666,True,WS-RATES:43:18
RS-001530,SM D PRIME (1PCS),D,Individual,Piece,1,PKR,16,14,2,0.125,0.14285714285714285,True,WS-RATES:43:19
RS-001531,PEPSI BALL 70 G,BALL,Wholesale,Piece,,PKR,90,69,21,0.23333333333333334,0.30434782608695654,True,WS-RATES:43:20
RS-001532,SM SCALE 6 INCH (12PCS),SCALES,Wholesale,Pack,12,PKR,45,36,9,0.2,0.25,True,WS-RATES:43:21
RS-001534,SM SCALE 12 INCH (12PCS),SCALES,Wholesale,Pack,12,PKR,95,80,15,0.15789473684210525,0.1875,True,WS-RATES:43:23
RS-001535,MAGIC DEPOXI STEEL,GUM STICK,Wholesale,Piece,,PKR,530,500,30,0.05660377358490566,0.06,True,WS-RATES:43:24
RS-001536,CA BALL,BALL,Wholesale,Piece,,PKR,80,67,13,0.1625,0.19402985074626866,True,WS-RATES:43:25
RS-001537,PRACTICE BALL,BALL,Wholesale,Piece,,PKR,130,115,15,0.11538461538461539,0.13043478260869565,True,WS-RATES:43:26
RS-001538,DOT BALL,BALL,Wholesale,Piece,,PKR,135,120,15,0.1111111111111111,0.125,True,WS-RATES:43:27
RS-001539,FANCY TAPE,TAPE,Wholesale,Piece,,PKR,90,80,10,0.1111111111111111,0.125,True,WS-RATES:43:28
RS-001540,CHAMAK TAPE (L),TAPE,Wholesale,Piece,,PKR,216,185,31,0.14351851851851852,0.16756756756756758,True,WS-RATES:43:29
RS-001541,CHAMAK TAPE (S),TAPE,Wholesale,Piece,,PKR,100,90,10,0.1,0.1111111111111111,True,WS-RATES:43:30
RS-001542,GUN ROD SMALL,GLUE GUN ROD,Wholesale,Piece,,PKR,11,8,3,0.2727272727272727,0.375,True,WS-RATES:43:31
RS-001543,"BINDING TAPE 3"" 20 YD",TAPE,Wholesale,Piece,,PKR,235,215,20,0.0851063829787234,0.09302325581395349,True,WS-RATES:43:32
RS-001544,GUN ROD LARGE,GLUE GUN ROD,Wholesale,Piece,,PKR,22,16,6,0.2727272727272727,0.375,True,WS-RATES:43:33
RS-001545,"BINDING TAPE 3"" 10 YD",TAPE,Wholesale,Piece,,PKR,130,115,15,0.11538461538461539,0.13043478260869565,True,WS-RATES:43:34
RS-001546,GMSA GUN ROD (S) 1 PC,GLUE GUN ROD,Individual,Piece,1,PKR,16,14,2,0.125,0.14285714285714285,True,WS-RATES:43:35
RS-001547,"BINDING TAPE 2"" 50 YD",TAPE,Wholesale,Piece,,PKR,480,455,25,0.052083333333333336,0.054945054945054944,True,WS-RATES:43:36
RS-001548,"BINDING TAPE 2"" 40 YD",TAPE,Wholesale,Piece,,PKR,360,330,30,0.08333333333333333,0.09090909090909091,True,WS-RATES:43:37
RS-001549,GMSA GUN ROD (S) PKT,GLUE GUN ROD,Wholesale,Piece,,PKR,800,560,240,0.3,0.42857142857142855,True,WS-RATES:44:2
RS-001550,"BINDING TAPE 2"" 30 YD",TAPE,Wholesale,Piece,,PKR,270,235,35,0.12962962962962962,0.14893617021276595,True,WS-RATES:44:3
RS-001551,"BINDING TAPE 2"" 20 YD",TAPE,Wholesale,Piece,,PKR,160,143,17,0.10625,0.11888111888111888,True,WS-RATES:44:4
RS-001552,GMSA GUN ROD (L) 1PC,GLUE GUN ROD,Individual,Piece,1,PKR,36,28,8,0.2222222222222222,0.2857142857142857,True,WS-RATES:44:5
RS-001553,"BINDING TAPE 2"" 10 YD",TAPE,Wholesale,Piece,,PKR,88,78,10,0.11363636363636363,0.1282051282051282,True,WS-RATES:44:6
RS-001554,CARD CHUTKI L,CHINA,Wholesale,Piece,,PKR,12,10,2,0.16666666666666666,0.2,True,WS-RATES:44:7
RS-001555,MAGIC BALL SMALL,CHINA,Wholesale,Piece,,PKR,10,8,2,0.2,0.25,True,WS-RATES:44:8
RS-001556,"BINDING TAPE 2"" 5 YD",TAPE,Wholesale,Piece,,PKR,58,54,4,0.06896551724137931,0.07407407407407407,True,WS-RATES:44:9
RS-001557,MAGIC BALL LARGE,CHINA,Wholesale,Piece,,PKR,20,15,5,0.25,0.3333333333333333,True,WS-RATES:44:10
RS-001558,"BINDING TAPE 1.5"" 10 YD",TAPE,Wholesale,Piece,,PKR,75,63,12,0.16,0.19047619047619047,True,WS-RATES:44:11
RS-001559,LUDO DANA WHITE(16MM),LUDO DANA + GOTI,Wholesale,Piece,,PKR,9,7,2,0.2222222222222222,0.2857142857142857,True,WS-RATES:44:12
RS-001560,LUDO DANA WHITE(14MM),LUDO DANA + GOTI,Wholesale,Piece,,PKR,6,5,1,0.16666666666666666,0.2,True,WS-RATES:44:13
RS-001561,LUDO DANA CRYSTAL(16MM),LUDO DANA + GOTI,Wholesale,Piece,,PKR,12,8,4,0.3333333333333333,0.5,True,WS-RATES:44:14
RS-001562,"BINDING TAPE 1"" 20 YD",TAPE,Wholesale,Piece,,PKR,85,72,13,0.15294117647058825,0.18055555555555555,True,WS-RATES:44:15
RS-001563,GMSA ELFI 50 GRAM,GUM STICK,Wholesale,Piece,,PKR,290,282,8,0.027586206896551724,0.028368794326241134,True,WS-RATES:44:16
RS-001564,LUDO DANA CRYSTAL(14MM),LUDO DANA + GOTI,Wholesale,Piece,,PKR,8,6,2,0.25,0.3333333333333333,True,WS-RATES:44:17
RS-001565,"BINDING TAPE 1"" 10 YD",TAPE,Wholesale,Piece,,PKR,46,40,6,0.13043478260869565,0.15,True,WS-RATES:44:18
RS-001566,POKER,CHINA,Wholesale,Piece,,PKR,150,125,25,0.16666666666666666,0.2,True,WS-RATES:44:19
RS-001567,GMSA ELFI 20 GRAM,GUM STICK,Wholesale,Piece,,PKR,125,120,5,0.04,0.041666666666666664,True,WS-RATES:44:20
RS-001568,DOUBLE TAPE FOAM (EXPERT),TAPE,Wholesale,Piece,,PKR,60,42,18,0.3,0.42857142857142855,True,WS-RATES:44:21
RS-001569,SCARF PIN SMALL,CHINA,Wholesale,Piece,,PKR,220,210,10,0.045454545454545456,0.047619047619047616,True,WS-RATES:44:22
RS-001570,DOUBLE TAPE (S),TAPE,Wholesale,Piece,,PKR,48,40,8,0.16666666666666666,0.2,True,WS-RATES:44:23
RS-001571,GMSA ELFI 1.5 GRAM,GUM STICK,Wholesale,Piece,,PKR,190,168,22,0.11578947368421053,0.13095238095238096,True,WS-RATES:44:24
RS-001572,SCARF PIN LARGE,CHINA,Wholesale,Piece,,PKR,330,300,30,0.09090909090909091,0.1,True,WS-RATES:44:25
RS-001573,PIN CUSHION,CHINA,Wholesale,Piece,,PKR,50,45,5,0.1,0.1111111111111111,True,WS-RATES:44:26
RS-001574,",,",CHINA,Wholesale,Piece,,PKR,50,40,10,0.2,0.25,True,WS-RATES:44:27
RS-001575,PVC TAPE 140 YD,TAPE,Wholesale,Piece,,PKR,240,195,45,0.1875,0.23076923076923078,True,WS-RATES:44:28
RS-001576,COUNTER LED PATTA,COUNTER,Wholesale,Piece,,PKR,85,75,10,0.11764705882352941,0.13333333333333333,True,WS-RATES:44:29
RS-001577,COUNTER SIMPLE,COUNTER,Wholesale,Piece,,PKR,46,40,6,0.13043478260869565,0.15,True,WS-RATES:44:30
RS-001578,COUNTER LED BOX (1PCS),COUNTER,Individual,Piece,1,PKR,115,105,10,0.08695652173913043,0.09523809523809523,True,WS-RATES:44:31
RS-001579,PVC TAPE 90 YD,TAPE,Wholesale,Piece,,PKR,160,145,15,0.09375,0.10344827586206896,True,WS-RATES:44:32
RS-001580,ALUMINIUM CARD COVER,CARD COVER,Wholesale,Piece,,PKR,75,70,5,0.06666666666666667,0.07142857142857142,True,WS-RATES:44:33
RS-001581,PVC TAPE 60 YD,TAPE,Wholesale,Piece,,PKR,110,95,15,0.13636363636363635,0.15789473684210525,True,WS-RATES:44:34
RS-001582,PVC TAPE 40 YD,TAPE,Wholesale,Piece,,PKR,90,70,20,0.2222222222222222,0.2857142857142857,True,WS-RATES:44:35
RS-001583,RING DAIRY 70 NUMBER,FANCY DIARIES,Wholesale,Piece,,PKR,70,63,7,0.1,0.1111111111111111,True,WS-RATES:44:36
RS-001584,PVC TAPE 30 YD,TAPE,Wholesale,Piece,,PKR,65,50,15,0.23076923076923078,0.3,True,WS-RATES:44:37
RS-001585,"MASKING TAPE 2"" (m)",TAPE,Wholesale,Piece,,PKR,100,85,15,0.15,0.17647058823529413,True,WS-RATES:45:2
RS-001586,DUAL HIGHLIGHTER,HIGHLIGHTER,Wholesale,Piece,,PKR,680,600,80,0.11764705882352941,0.13333333333333333,True,WS-RATES:45:3
RS-001587,"MASKING TAPE 2"" (S)",TAPE,Wholesale,Piece,,PKR,75,67,8,0.10666666666666667,0.11940298507462686,True,WS-RATES:45:4
RS-001588,"MASKING TAPE 1"" (L)",TAPE,Wholesale,Piece,,PKR,75,65,10,0.13333333333333333,0.15384615384615385,True,WS-RATES:45:5
RS-001589,"MASKING TAPE 1"" (S)",TAPE,Wholesale,Piece,,PKR,45,38,7,0.15555555555555556,0.18421052631578946,True,WS-RATES:45:6
RS-001590,PAINT MARKER CHINA,PAINT MARKERS,Wholesale,Piece,,PKR,115,105,10,0.08695652173913043,0.09523809523809523,True,WS-RATES:45:7
RS-001591,PANAMA GLITTER DUST 24 PCS,GLITTER DUST,Wholesale,Pack,24,PKR,340,315,25,0.07352941176470588,0.07936507936507936,True,WS-RATES:45:8
RS-001592,PANAMA GLITTER DUST 48 PCS,GLITTER DUST,Wholesale,Pack,48,PKR,540,480,60,0.1111111111111111,0.125,True,WS-RATES:45:9
RS-001593,"MASKING TAPE 1X2""",TAPE,Wholesale,Piece,,PKR,18,15,3,0.16666666666666666,0.2,True,WS-RATES:45:10
RS-001594,PAINT MARKER CHINA W/G/S,PAINT MARKERS,Wholesale,Piece,,PKR,115,105,10,0.08695652173913043,0.09523809523809523,True,WS-RATES:45:11
RS-001595,SCOTCH TAPE 2 INCH (XXL),TAPE,Wholesale,Piece,,PKR,530,470,60,0.11320754716981132,0.1276595744680851,True,WS-RATES:45:12
RS-001596,PIANO POWER BALL PEN,BALL POINT,Wholesale,Piece,,PKR,860,817,43,0.05,0.05263157894736842,True,WS-RATES:45:13
RS-001597,SCOTCH TAPE 2 INCH 190GZ SUP,TAPE,Wholesale,Piece,,PKR,350,290,60,0.17142857142857143,0.20689655172413793,True,WS-RATES:45:14
RS-001598,KCR CARBON PAPER,CHINA,Wholesale,Piece,,PKR,640,590,50,0.078125,0.0847457627118644,True,WS-RATES:45:15
RS-001599,BIA GEL PEN ERASEABLE (6018),GEL PEN,Wholesale,Piece,,PKR,660,550,110,0.16666666666666666,0.2,True,WS-RATES:45:16
RS-001600,SCOTCH TAPE 2 INCH 90GZ SUPE,TAPE,Wholesale,Piece,,PKR,170,140,30,0.17647058823529413,0.21428571428571427,True,WS-RATES:45:17
RS-001601,GEL PEN YOUMIE,GEL PEN,Wholesale,Piece,,PKR,480,420,60,0.125,0.14285714285714285,True,WS-RATES:45:18
RS-001602,POWER PLUS CELL AAA,CHINA,Wholesale,Piece,,PKR,540,515,25,0.046296296296296294,0.04854368932038835,True,WS-RATES:45:19
RS-001603,POWER PLUS CELL AA,CHINA,Wholesale,Piece,,PKR,690,665,25,0.036231884057971016,0.03759398496240601,True,WS-RATES:45:20
RS-001604,SCOTCH TAPE 2 INCH 50GZ TICO,TAPE,Wholesale,Piece,,PKR,165,140,25,0.15151515151515152,0.17857142857142858,True,WS-RATES:45:21
RS-001605,MAZDOOR HAZRI CARD,GATTA REGISTER,Wholesale,Piece,,PKR,350,330,20,0.05714285714285714,0.06060606060606061,True,WS-RATES:45:22
RS-001606,SCOTCH TAPE 2 INCH 35GZ SUPE,TAPE,Wholesale,Piece,,PKR,85,75,10,0.11764705882352941,0.13333333333333333,True,WS-RATES:45:23
RS-001607,CRYSTAL STICKY NOTE,STICKY NOTE,Wholesale,Piece,,PKR,90,78,12,0.13333333333333333,0.15384615384615385,True,WS-RATES:45:24
RS-001608,SCOTCH TAPE 1 INCH 90 YD JET,TAPE,Wholesale,Piece,,PKR,110,82,28,0.2545454545454545,0.34146341463414637,True,WS-RATES:45:25
RS-001609,COLOURING KIT 24PCS,COLORING KIT,Wholesale,Pack,24,PKR,220,195,25,0.11363636363636363,0.1282051282051282,True,WS-RATES:45:26
RS-001610,SCOTCH TAPE 1 INCH 60 YD JET,TAPE,Wholesale,Piece,,PKR,80,67,13,0.1625,0.19402985074626866,True,WS-RATES:45:27
RS-001611,SCOTCH TAPE 1 INCH (S),TAPE,Wholesale,Piece,,PKR,45,37,8,0.17777777777777778,0.21621621621621623,True,WS-RATES:45:28
RS-001612,SCOTCH TAPE 50,TAPE,Wholesale,Piece,,PKR,400,380,20,0.05,0.05263157894736842,True,WS-RATES:45:29
RS-001613,ANDA WATER COLOUR L 8020,WATER COLORS,Wholesale,Piece,,PKR,170,145,25,0.14705882352941177,0.1724137931034483,True,WS-RATES:45:30
RS-001614,SCOTCH TAPE 30,TAPE,Wholesale,Piece,,PKR,210,190,20,0.09523809523809523,0.10526315789473684,True,WS-RATES:45:31
RS-001615,ANDA WATER COLOUR M 8028/80,WATER COLORS,Wholesale,Piece,,PKR,115,100,15,0.13043478260869565,0.15,True,WS-RATES:45:32
RS-001616,SCOTCH TAPE 20,TAPE,Wholesale,Piece,,PKR,180,150,30,0.16666666666666666,0.2,True,WS-RATES:45:33
RS-001617,ANDA WATER COLOUR S 8025,WATER COLORS,Wholesale,Piece,,PKR,85,72,13,0.15294117647058825,0.18055555555555555,True,WS-RATES:45:34
RS-001618,SCHOOL STICKERS,GUM STICK,Wholesale,Piece,,PKR,24,20,4,0.16666666666666666,0.2,True,WS-RATES:45:35
RS-001619,SCOTCH TAPE 10,TAPE,Wholesale,Piece,,PKR,75,60,15,0.2,0.25,True,WS-RATES:45:36
RS-001620,MAGIC SLATE LARGE,SLATES,Wholesale,Piece,,PKR,370,330,40,0.10810810810810811,0.12121212121212122,True,WS-RATES:45:37
RS-001621,SCOTCH TAPE 5,TAPE,Wholesale,Piece,,PKR,45,39,6,0.13333333333333333,0.15384615384615385,True,WS-RATES:46:2
RS-001622,ADX FASTER GUM 50ML,GUM STICK,Wholesale,Piece,,PKR,49,44,5,0.10204081632653061,0.11363636363636363,True,WS-RATES:46:3
RS-001623,MAGIC SLATE MEDIUM,SLATES,Wholesale,Piece,,PKR,300,270,30,0.1,0.1111111111111111,True,WS-RATES:46:4
RS-001624,ADX FASTER GUM 20ML,GUM STICK,Wholesale,Piece,,PKR,33,28,5,0.15151515151515152,0.17857142857142858,True,WS-RATES:46:5
RS-001625,DEER SCOTCH TAPE 2 INCH,TAPE,Wholesale,Piece,,PKR,260,227,33,0.12692307692307692,0.14537444933920704,True,WS-RATES:46:6
RS-001626,MAGIC SLATE SMALL,SLATES,Wholesale,Piece,,PKR,220,185,35,0.1590909090909091,0.1891891891891892,True,WS-RATES:46:7
RS-001627,GERMAN GLUE HERO LARGE,GUM STICK,Wholesale,Piece,,PKR,75,61,14,0.18666666666666668,0.22950819672131148,True,WS-RATES:46:8
RS-001628,DEER SCOTCH TAPE 1 INCH,TAPE,Wholesale,Piece,,PKR,135,119,16,0.11851851851851852,0.13445378151260504,True,WS-RATES:46:9
RS-001629,GERMAN GLUE ARPI,GUM STICK,Wholesale,Piece,,PKR,80,67,13,0.1625,0.19402985074626866,True,WS-RATES:46:10
RS-001630,PLASTIC CARD COVER 814(PORTR),CARD COVER,Wholesale,Piece,,PKR,32,28,4,0.125,0.14285714285714285,True,WS-RATES:46:11
RS-001631,DEER SCOTCH TAPE 3/4,TAPE,Wholesale,Piece,,PKR,105,89,16,0.1523809523809524,0.1797752808988764,True,WS-RATES:46:12
RS-001632,PLASTIC CARD COVER DX 813(LA),CARD COVER,Wholesale,Piece,,PKR,32,28,4,0.125,0.14285714285714285,True,WS-RATES:46:13
RS-001633,GERMAN GLUE 45,GUM STICK,Wholesale,Piece,,PKR,45,34,11,0.24444444444444444,0.3235294117647059,True,WS-RATES:46:14
RS-001634,DEER SCOTCH TAPE 1/2,TAPE,Wholesale,Piece,,PKR,70,60,10,0.14285714285714285,0.16666666666666666,True,WS-RATES:46:15
RS-001635,HERO GUM 142 GRAM,GUM STICK,Wholesale,Piece,,PKR,43,39,4,0.09302325581395349,0.10256410256410256,True,WS-RATES:46:16
RS-001636,CARD COVER ZIPPER A001,CARD COVER,Wholesale,Piece,,PKR,95,70,25,0.2631578947368421,0.35714285714285715,True,WS-RATES:46:17
RS-001637,CARD COVER ZIPPER B001,CARD COVER,Wholesale,Piece,,PKR,95,73,22,0.23157894736842105,0.3013698630136986,True,WS-RATES:46:18
RS-001638,GUM 20 SALE,GUM STICK,Wholesale,Piece,,PKR,160,135,25,0.15625,0.18518518518518517,True,WS-RATES:46:19
RS-001639,CARD COVER ZIPPER B003 + A003,CARD COVER,Wholesale,Piece,,PKR,230,220,10,0.043478260869565216,0.045454545454545456,True,WS-RATES:46:20
RS-001640,GUM 10 SALE,GUM STICK,Wholesale,Piece,,PKR,170,145,25,0.14705882352941177,0.1724137931034483,True,WS-RATES:46:21
RS-001641,CARD COVER ZIPPER A002,CARD COVER,Wholesale,Piece,,PKR,160,142,18,0.1125,0.1267605633802817,True,WS-RATES:46:22
RS-001642,CARD COVER ZIPPER B002,CARD COVER,Wholesale,Piece,,PKR,160,142,18,0.1125,0.1267605633802817,True,WS-RATES:46:23
RS-001643,LEATHER CARD COVER,CARD COVER,Wholesale,Piece,,PKR,33,29,4,0.12121212121212122,0.13793103448275862,True,WS-RATES:46:24
RS-001644,DEER DUAL ERASER+SHARPNER,ERASERS,Wholesale,Piece,,PKR,700,630,70,0.1,0.1111111111111111,True,WS-RATES:46:25
RS-001645,CARD COVER A2,CARD COVER,Wholesale,Piece,,PKR,240,220,20,0.08333333333333333,0.09090909090909091,True,WS-RATES:46:26
RS-001646,CARD COVER A1,CARD COVER,Wholesale,Piece,,PKR,160,140,20,0.125,0.14285714285714285,True,WS-RATES:46:27
RS-001647,CARD COVER B1,CARD COVER,Wholesale,Piece,,PKR,160,140,20,0.125,0.14285714285714285,True,WS-RATES:46:28
RS-001648,NOTICE BOARD 3X4,WHITE BOARD,Wholesale,Piece,,PKR,3000,2820,180,0.06,0.06382978723404255,True,WS-RATES:46:29
RS-001649,NOTICE BOARD 2X3,WHITE BOARD,Wholesale,Piece,,PKR,1530,1420,110,0.0718954248366013,0.07746478873239436,True,WS-RATES:46:30
RS-001650,CARD COVER B2,CARD COVER,Wholesale,Piece,,PKR,250,225,25,0.1,0.1111111111111111,True,WS-RATES:46:31
RS-001651,WHITE BOARD 8X4,WHITE BOARD,Wholesale,Piece,,PKR,5920,5200,720,0.12162162162162163,0.13846153846153847,True,WS-RATES:46:32
RS-001652,WHITE BOARD 6X4 (1/2),WHITE BOARD,Wholesale,Piece,,PKR,4680,4420,260,0.05555555555555555,0.058823529411764705,True,WS-RATES:46:33
RS-001653,LIFAFA KHAKI A4 HALF,LIFAFA,Wholesale,Piece,,PKR,175,140,35,0.2,0.25,True,WS-RATES:46:34
RS-001654,WHITE BOARD 3X4 (1/2),WHITE BOARD,Wholesale,Piece,,PKR,2320,2210,110,0.04741379310344827,0.049773755656108594,True,WS-RATES:46:35
RS-001655,LIFAFA WHITE A4 HALF,LIFAFA,Wholesale,Piece,,PKR,470,460,10,0.02127659574468085,0.021739130434782608,True,WS-RATES:46:36
RS-001656,WHITE BOARD 2X3 (1/2),WHITE BOARD,Wholesale,Piece,,PKR,1220,1155,65,0.05327868852459016,0.05627705627705628,True,WS-RATES:46:37
RS-001657,WHITE BOARD 2X2,WHITE BOARD,Wholesale,Piece,,PKR,840,825,15,0.017857142857142856,0.01818181818181818,True,WS-RATES:47:2
RS-001658,"TAG FILE 18""",CASH MEMO,Wholesale,Piece,,PKR,90,75,15,0.16666666666666666,0.2,True,WS-RATES:47:3
RS-001659,WHITE BOARD 1.5 X 2,WHITE BOARD,Wholesale,Piece,,PKR,670,645,25,0.03731343283582089,0.03875968992248062,True,WS-RATES:47:4
RS-001660,CARD COVER T 015V,CARD COVER,Wholesale,Piece,,PKR,30,27,3,0.1,0.1111111111111111,True,WS-RATES:47:5
RS-001661,"TAG FILE 12""",CASH MEMO,Wholesale,Piece,,PKR,80,60,20,0.25,0.3333333333333333,True,WS-RATES:47:6
RS-001662,WHITE BOARD 1X2,WHITE BOARD,Wholesale,Piece,,PKR,520,485,35,0.0673076923076923,0.07216494845360824,True,WS-RATES:47:7
RS-001663,"FILE TAG 6""",CASH MEMO,Wholesale,Piece,,PKR,70,45,25,0.35714285714285715,0.5555555555555556,True,WS-RATES:47:8
RS-001664,WHITE BOARD 1.5X1.5,WHITE BOARD,Wholesale,Piece,,PKR,430,400,30,0.06976744186046512,0.075,True,WS-RATES:47:9
RS-001665,DUX INK PEN 360,INK PEN,Wholesale,Piece,,PKR,1455,1380,75,0.05154639175257732,0.05434782608695652,True,WS-RATES:47:10
RS-001666,WHITE BOARD 1X1.5,WHITE BOARD,Wholesale,Piece,,PKR,390,372,18,0.046153846153846156,0.04838709677419355,True,WS-RATES:47:11
RS-001667,CASH MEMO GATTA,CASH MEMO,Wholesale,Piece,,PKR,85,73,12,0.1411764705882353,0.1643835616438356,True,WS-RATES:47:12
RS-001668,WHITE BOARD 1X1,WHITE BOARD,Wholesale,Piece,,PKR,270,252,18,0.06666666666666667,0.07142857142857142,True,WS-RATES:47:13
RS-001669,IPHONE PAD S,CHINA,Wholesale,Piece,,PKR,50,49,1,0.02,0.02040816326530612,True,WS-RATES:47:14
RS-001670,CASH MEMO CARD (L),CASH MEMO,Wholesale,Piece,,PKR,70,60,10,0.14285714285714285,0.16666666666666666,True,WS-RATES:47:15
RS-001671,MAGIC WATER BOOK,CHINA,Wholesale,Piece,,PKR,90,78,12,0.13333333333333333,0.15384615384615385,True,WS-RATES:47:16
RS-001672,HAMDARD ATTANDANCE REGISTE,GATTA REGISTER,Wholesale,Piece,,PKR,215,190,25,0.11627906976744186,0.13157894736842105,True,WS-RATES:47:17
RS-001673,LASER LIGHT S PACK,CHINA,Wholesale,Pack,,PKR,800,710,90,0.1125,0.1267605633802817,True,WS-RATES:47:18
RS-001674,CASH MEMO CARD (M),CASH MEMO,Wholesale,Piece,,PKR,50,40,10,0.2,0.25,True,WS-RATES:47:19
RS-001676,RING DRAFTING PAD KING LARGE,CHINA,Wholesale,Piece,,PKR,135,120,15,0.1111111111111111,0.125,True,WS-RATES:47:21
RS-001677,LOCK DAIRY MEDIUM,CHINA DAIRIES,Wholesale,Piece,,PKR,320,270,50,0.15625,0.18518518518518517,True,WS-RATES:47:22
RS-001678,CASH MEMO CARD,CASH MEMO,Wholesale,Piece,,PKR,35,32,3,0.08571428571428572,0.09375,True,WS-RATES:47:23
RS-001679,LOCK DAIRY LARGE,CHINA DAIRIES,Wholesale,Piece,,PKR,420,390,30,0.07142857142857142,0.07692307692307693,True,WS-RATES:47:24
RS-001680,VIP FILE CLIP,FILE,Wholesale,Piece,,PKR,42,36,6,0.14285714285714285,0.16666666666666666,True,WS-RATES:47:25
RS-001681,VIP FILE YELLOW,FILE,Wholesale,Piece,,PKR,20,18,2,0.1,0.1111111111111111,True,WS-RATES:47:26
RS-001682,MOUSE GLUE BOARD,CHINA,Wholesale,Piece,,PKR,70,60,10,0.14285714285714285,0.16666666666666666,True,WS-RATES:47:27
RS-001683,CLIP BOARD CRYSTAL PAK,CLIP BOARD,Wholesale,Piece,,PKR,190,185,5,0.02631578947368421,0.02702702702702703,True,WS-RATES:47:28
RS-001684,VIP FILE WHITE,FILE,Wholesale,Piece,,PKR,14,13,1,0.07142857142857142,0.07692307692307693,True,WS-RATES:47:29
RS-001685,WATER COLOUR LARGE (16PCS),WATER COLORS,Wholesale,Pack,16,PKR,150,115,35,0.23333333333333334,0.30434782608695654,True,WS-RATES:47:30
RS-001686,CLIP BOARD FORMICA DOUBLE SH,CLIP BOARD,Wholesale,Piece,,PKR,125,103,22,0.176,0.21359223300970873,True,WS-RATES:47:31
RS-001687,CLIP BOARD FORMICA 1 PCS,CLIP BOARD,Individual,Piece,1,PKR,78,60,18,0.23076923076923078,0.3,True,WS-RATES:47:32
RS-001688,WATER COLOUR LARGE (12PCS),WATER COLORS,Wholesale,Pack,12,PKR,130,115,15,0.11538461538461539,0.13043478260869565,True,WS-RATES:47:33
RS-001689,CLIP BOARD TASWEERI 708,CLIP BOARD,Wholesale,Piece,,PKR,72,62,10,0.1388888888888889,0.16129032258064516,True,WS-RATES:47:34
RS-001690,LIFAFA KHAKI A 4 CLOTH 50/S,LIFAFA,Wholesale,Piece,,PKR,960,850,110,0.11458333333333333,0.12941176470588237,True,WS-RATES:47:35
RS-001691,WATER COLOUR SMALL (12PCS),WATER COLORS,Wholesale,Pack,12,PKR,90,75,15,0.16666666666666666,0.2,True,WS-RATES:47:36
RS-001692,LIFAFA KHAKI LEGAL CLOTH 50/S,LIFAFA,Wholesale,Piece,,PKR,900,850,50,0.05555555555555555,0.058823529411764705,True,WS-RATES:47:37
RS-001693,CLIP BOARD CHAMAK 1 PCS,CLIP BOARD,Individual,Piece,1,PKR,60,50,10,0.16666666666666666,0.2,True,WS-RATES:48:2
RS-001694,LIFAFA KHAKI LEGAL 100/S,LIFAFA,Wholesale,Piece,,PKR,440,390,50,0.11363636363636363,0.1282051282051282,True,WS-RATES:48:3
RS-001695,NIKKAH PEN 6 PCS,CHINA,Wholesale,Pack,6,PKR,450,370,80,0.17777777777777778,0.21621621621621623,True,WS-RATES:48:4
RS-001696,CLIP BOARD LASANI B (1 PCS ),CLIP BOARD,Individual,Piece,1,PKR,35,29,6,0.17142857142857143,0.20689655172413793,True,WS-RATES:48:5
RS-001697,LIFAFA KHAKI A4 100/S,LIFAFA,Wholesale,Piece,,PKR,340,290,50,0.14705882352941177,0.1724137931034483,True,WS-RATES:48:6
RS-001698,LIFAFA KHAKI 11/5 50/S,LIFAFA,Wholesale,Piece,,PKR,95,80,15,0.15789473684210525,0.1875,True,WS-RATES:48:7
RS-001699,ALBUM FILE 40 POCKET,FILE,Wholesale,Piece,,PKR,230,200,30,0.13043478260869565,0.15,True,WS-RATES:48:8
RS-001700,ALBUM FILE 30 POCKET,FILE,Wholesale,Piece,,PKR,200,175,25,0.125,0.14285714285714285,True,WS-RATES:48:9
RS-001701,LIFAFA KHAKI 9/4 50/S,LIFAFA,Wholesale,Piece,,PKR,85,70,15,0.17647058823529413,0.21428571428571427,True,WS-RATES:48:10
RS-001702,LIFAFA WHITE DLP 50/S,LIFAFA,Wholesale,Piece,,PKR,160,130,30,0.1875,0.23076923076923078,True,WS-RATES:48:11
RS-001703,ALBUM FILE 20 POCKET,FILE,Wholesale,Piece,,PKR,170,150,20,0.11764705882352941,0.13333333333333333,True,WS-RATES:48:12
RS-001704,LIFAFA WHITE LEGAL CLOTH 50/S,LIFAFA,Wholesale,Piece,,PKR,1150,1080,70,0.06086956521739131,0.06481481481481481,True,WS-RATES:48:13
RS-001705,LIFAFA WHITE LEGAL 100/S,LIFAFA,Wholesale,Piece,,PKR,1050,1000,50,0.047619047619047616,0.05,True,WS-RATES:48:14
RS-001706,ALBUM FILE 10 POCKET,FILE,Wholesale,Piece,,PKR,140,120,20,0.14285714285714285,0.16666666666666666,True,WS-RATES:48:15
RS-001707,LIFAFA WHITE A4 100/S,LIFAFA,Wholesale,Piece,,PKR,910,805,105,0.11538461538461539,0.13043478260869565,True,WS-RATES:48:16
RS-001708,LIFAFA 11/5 WHITE 50/S,LIFAFA,Wholesale,Piece,,PKR,260,240,20,0.07692307692307693,0.08333333333333333,True,WS-RATES:48:17
RS-001709,LIFAFA 9/4 WHITE 25/S,LIFAFA,Wholesale,Piece,,PKR,90,80,10,0.1111111111111111,0.125,True,WS-RATES:48:18
RS-001710,GATTA KHATA LEDGER 68g NO 4,GATTA REGISTER,Wholesale,Piece,,PKR,360,140,220,0.6111111111111112,1.5714285714285714,True,WS-RATES:48:19
RS-001711,LIFAFA 6/4 WHITE 25/S,LIFAFA,Wholesale,Piece,,PKR,70,62,8,0.11428571428571428,0.12903225806451613,True,WS-RATES:48:20
RS-001712,GATTA KHATA LEDGER 68g NO 3,GATTA REGISTER,Wholesale,Piece,,PKR,270,230,40,0.14814814814814814,0.17391304347826086,True,WS-RATES:48:21
RS-001713,GATTA KHATA LEDGER KRS 6,GATTA REGISTER,Wholesale,Piece,,PKR,1000,840,160,0.16,0.19047619047619047,True,WS-RATES:48:22
RS-001714,NIKKAH PEN SINGLE,CHINA,Wholesale,Piece,,PKR,200,180,20,0.1,0.1111111111111111,True,WS-RATES:48:23
RS-001715,GATTA KHATA LEDGER KRS 5,GATTA REGISTER,Wholesale,Piece,,PKR,850,810,40,0.047058823529411764,0.04938271604938271,True,WS-RATES:48:24
RS-001716,SAFETY PIN DL2302 (500PCS),CHINA,Wholesale,Pack,500,PKR,350,325,25,0.07142857142857142,0.07692307692307693,True,WS-RATES:48:25
RS-001717,DRUM JELLY SLIME,CHINA,Wholesale,Piece,,PKR,450,350,100,0.2222222222222222,0.2857142857142857,True,WS-RATES:48:26
RS-001718,SAFETY PIN DL2303 (300PCS),CHINA,Wholesale,Pack,300,PKR,300,275,25,0.08333333333333333,0.09090909090909091,True,WS-RATES:48:27
RS-001719,GATTA KHATA LEDGER KRS 4,GATTA REGISTER,Wholesale,Piece,,PKR,700,650,50,0.07142857142857142,0.07692307692307693,True,WS-RATES:48:28
RS-001720,CRYSTAL SLIME SMALL,CHINA,Wholesale,Piece,,PKR,31,25,6,0.1935483870967742,0.24,True,WS-RATES:48:29
RS-001721,GATTA KHATA LEDGER KRS 3,GATTA REGISTER,Wholesale,Piece,,PKR,525,490,35,0.06666666666666667,0.07142857142857142,True,WS-RATES:48:30
RS-001722,SIKKA PENCIL FAN (42PCS),FANCY PENCIL,Wholesale,Pack,42,PKR,950,820,130,0.1368421052631579,0.15853658536585366,True,WS-RATES:48:31
RS-001723,CRYSTAL SLIME NUMBER 82,CHINA,Wholesale,Piece,,PKR,82,62,20,0.24390243902439024,0.3225806451612903,True,WS-RATES:48:32
RS-001724,YOYO,CHINA,Wholesale,Piece,,PKR,35,30,5,0.14285714285714285,0.16666666666666666,True,WS-RATES:48:33
RS-001725,GATTA KHATA COPY 68g NO 10,GATTA REGISTER,Wholesale,Piece,,PKR,440,400,40,0.09090909090909091,0.1,True,WS-RATES:48:34
RS-001726,PRICE TAG WHITE ROCKET,CHINA,Wholesale,Piece,,PKR,380,350,30,0.07894736842105263,0.08571428571428572,True,WS-RATES:48:35
RS-001727,GATTA KHATA COPY 68g NO 8,GATTA REGISTER,Wholesale,Piece,,PKR,360,320,40,0.1111111111111111,0.125,True,WS-RATES:48:36
RS-001728,PRICE TAG COLOUR.,CHINA,Wholesale,Piece,,PKR,320,290,30,0.09375,0.10344827586206896,True,WS-RATES:48:37
RS-001729,MAGNIFYING GLASS 90MM,CHINA,Wholesale,Piece,,PKR,380,360,20,0.05263157894736842,0.05555555555555555,True,WS-RATES:49:2
RS-001730,MAGNIFYING GLASS 80MM,CHINA,Wholesale,Piece,,PKR,350,330,20,0.05714285714285714,0.06060606060606061,True,WS-RATES:49:3
RS-001731,GATTA KHATA COPY KCS 10,GATTA REGISTER,Wholesale,Piece,,PKR,800,740,60,0.075,0.08108108108108109,True,WS-RATES:49:4
RS-001732,MAGNIFYING GLASS 60MM,CHINA,Wholesale,Piece,,PKR,290,280,10,0.034482758620689655,0.03571428571428571,True,WS-RATES:49:5
RS-001733,GATTA KHATA COPY KCS 8,GATTA REGISTER,Wholesale,Piece,,PKR,650,330,320,0.49230769230769234,0.9696969696969697,True,WS-RATES:49:6
RS-001734,GATTA KHATA COPY KCS 6,GATTA REGISTER,Wholesale,Piece,,PKR,500,490,10,0.02,0.02040816326530612,True,WS-RATES:49:7
RS-001735,TT FILE LEGAL MIDCO,FILE,Wholesale,Piece,,PKR,690,650,40,0.057971014492753624,0.06153846153846154,True,WS-RATES:49:8
RS-001736,MAGNET DAIRY MEDIUM,CHINA DAIRIES,Wholesale,Piece,,PKR,260,200,60,0.23076923076923078,0.3,True,WS-RATES:49:9
RS-001737,GATTA KHATA COPY KCS 5,GATTA REGISTER,Wholesale,Piece,,PKR,430,400,30,0.06976744186046512,0.075,True,WS-RATES:49:10
RS-001738,TT FILE A4,FILE,Wholesale,Piece,,PKR,530,500,30,0.05660377358490566,0.06,True,WS-RATES:49:11
RS-001739,110 NUMBER DAIRY,CHINA DAIRIES,Wholesale,Piece,,PKR,110,95,15,0.13636363636363635,0.15789473684210525,True,WS-RATES:49:12
RS-001740,GATTA KHATA COPY KCS 4,GATTA REGISTER,Wholesale,Piece,,PKR,350,320,30,0.08571428571428572,0.09375,True,WS-RATES:49:13
RS-001741,GATTA KHATA COPY KCS 3,GATTA REGISTER,Wholesale,Piece,,PKR,270,240,30,0.1111111111111111,0.125,True,WS-RATES:49:14
RS-001742,GATTA KHATA COPY KCS 2,GATTA REGISTER,Wholesale,Piece,,PKR,190,165,25,0.13157894736842105,0.15151515151515152,True,WS-RATES:49:15
RS-001743,DANDI FILE LEGAL,FILE,Wholesale,Piece,,PKR,800,750,50,0.0625,0.06666666666666667,True,WS-RATES:49:16
RS-001744,NOTE CHECKER PEN,CHINA,Wholesale,Piece,,PKR,130,125,5,0.038461538461538464,0.04,True,WS-RATES:49:17
RS-001745,CARD DORI LARGE(50PCS),CHINA,Wholesale,Pack,50,PKR,650,550,100,0.15384615384615385,0.18181818181818182,True,WS-RATES:49:18
RS-001746,DANDI FILE A4,FILE,Wholesale,Piece,,PKR,700,670,30,0.04285714285714286,0.04477611940298507,True,WS-RATES:49:19
RS-001747,CARD DORI MEDIUM(50PCS),CHINA,Wholesale,Pack,50,PKR,475,425,50,0.10526315789473684,0.11764705882352941,True,WS-RATES:49:20
RS-001748,TABLET LCD 12 INCH,CHINA,Wholesale,Piece,,PKR,440,365,75,0.17045454545454544,0.2054794520547945,True,WS-RATES:49:21
RS-001749,STRIP FILE LEGAL,FILE,Wholesale,Piece,,PKR,360,340,20,0.05555555555555555,0.058823529411764705,True,WS-RATES:49:22
RS-001750,TABLET LCD 10.5 INCH,CHINA,Wholesale,Piece,,PKR,390,350,40,0.10256410256410256,0.11428571428571428,True,WS-RATES:49:23
RS-001751,TABLET LCD 8.5 INCH,CHINA,Wholesale,Piece,,PKR,250,220,30,0.12,0.13636363636363635,True,WS-RATES:49:24
RS-001752,STRIP FILE A4,FILE,Wholesale,Piece,,PKR,260,250,10,0.038461538461538464,0.04,True,WS-RATES:49:25
RS-001753,GATTA DAY BOOK NO 100 HALF,GATTA REGISTER,Wholesale,Piece,,PKR,200,160,40,0.2,0.25,True,WS-RATES:49:26
RS-001754,TABLET LCD 6.5 INCH,CHINA,Wholesale,Piece,,PKR,210,185,25,0.11904761904761904,0.13513513513513514,True,WS-RATES:49:27
RS-001755,GATTA DAY BOOK NO 80 HALF,GATTA REGISTER,Wholesale,Piece,,PKR,160,125,35,0.21875,0.28,True,WS-RATES:49:28
RS-001756,CASH MEMO CARBON LESS,CASH MEMO,Wholesale,Piece,,PKR,420,390,30,0.07142857142857142,0.07692307692307693,True,WS-RATES:49:29
RS-001757,NANO TAPE LARGE,SCOTCH TAPE,Wholesale,Piece,,PKR,275,260,15,0.05454545454545454,0.057692307692307696,True,WS-RATES:49:30
RS-001758,NANO TAPE MEDIUM,SCOTCH TAPE,Wholesale,Piece,,PKR,170,150,20,0.11764705882352941,0.13333333333333333,True,WS-RATES:49:31
RS-001759,LOCK DAIRY SMALL,CHINA DAIRIES,Wholesale,Piece,,PKR,110,95,15,0.13636363636363635,0.15789473684210525,True,WS-RATES:49:32
RS-001760,FUJI STAPLER PIN 23/24,STAPLER PIN,Wholesale,Piece,,PKR,435,416,19,0.04367816091954023,0.04567307692307692,True,WS-RATES:49:33
RS-001761,FUJI STAPLER PIN 23/20,STAPLER PIN,Wholesale,Piece,,PKR,420,396,24,0.05714285714285714,0.06060606060606061,True,WS-RATES:49:34
RS-001762,GATTA DAY BOOK HALF NO 50,GATTA REGISTER,Wholesale,Piece,,PKR,100,80,20,0.2,0.25,True,WS-RATES:49:35
RS-001763,FUJI STAPLER PIN 23/15,STAPLER PIN,Wholesale,Piece,,PKR,280,261,19,0.06785714285714285,0.07279693486590039,True,WS-RATES:49:36
RS-001764,GATTA DAY BOOK HALF NO 40,GATTA REGISTER,Wholesale,Piece,,PKR,80,63,17,0.2125,0.2698412698412698,True,WS-RATES:49:37
RS-001765,FUJI STAPLER PIN 23/17,STAPLER PIN,Wholesale,Piece,,PKR,310,290,20,0.06451612903225806,0.06896551724137931,True,WS-RATES:50:2
RS-001766,GATTA DAY BOOK NO 140,GATTA REGISTER,Wholesale,Piece,,PKR,420,360,60,0.14285714285714285,0.16666666666666666,True,WS-RATES:50:3
RS-001767,FUJI STAPLER PIN 23/13,STAPLER PIN,Wholesale,Piece,,PKR,250,231,19,0.076,0.08225108225108226,True,WS-RATES:50:4
RS-001768,GATTA DAY BOOK NO 120,GATTA REGISTER,Wholesale,Piece,,PKR,360,310,50,0.1388888888888889,0.16129032258064516,True,WS-RATES:50:5
RS-001769,FUJI STAPLER PIN 23/10,STAPLER PIN,Wholesale,Piece,,PKR,220,201,19,0.08636363636363636,0.0945273631840796,True,WS-RATES:50:6
RS-001770,GATTA DAY BOOK NO 100,GATTA REGISTER,Wholesale,Piece,,PKR,300,264,36,0.12,0.13636363636363635,True,WS-RATES:50:7
RS-001771,GATTA DAY BOOK NO 80,GATTA REGISTER,Wholesale,Piece,,PKR,350,309.76,40.24000000000001,0.1149714285714286,0.12990702479338848,True,WS-RATES:50:8
RS-001772,FUJI STAPLER PIN 23/8,STAPLER PIN,Wholesale,Piece,,PKR,180,165,15,0.08333333333333333,0.09090909090909091,True,WS-RATES:50:9
RS-001773,GATTA DAY BOOK NO 70,GATTA REGISTER,Wholesale,Piece,,PKR,270,238.518518518519,31.481481481481012,0.11659807956104079,0.13198757763974933,True,WS-RATES:50:10
RS-001774,GATTA DAY BOOK NO 60,GATTA REGISTER,Wholesale,Piece,,PKR,180,155,25,0.1388888888888889,0.16129032258064516,True,WS-RATES:50:11
RS-001775,GATTA DAY BOOK NO 50,GATTA REGISTER,Wholesale,Piece,,PKR,150,130,20,0.13333333333333333,0.15384615384615385,True,WS-RATES:50:12
RS-001776,GATTA DAY BOOK NO 40,GATTA REGISTER,Wholesale,Piece,,PKR,120,105,15,0.125,0.14285714285714285,True,WS-RATES:50:13
RS-001777,GIFT BAG ITS A BOY/GIRL,BAGS,Wholesale,Piece,,PKR,780,750,30,0.038461538461538464,0.04,True,WS-RATES:50:14
RS-001778,GIFT BAG XL,BAGS,Wholesale,Piece,,PKR,1440,1355,85,0.059027777777777776,0.06273062730627306,True,WS-RATES:50:15
RS-001779,FANCY GEOMETRY CAR (S),FANCY GEOMETRY,Wholesale,Piece,,PKR,240,200,40,0.16666666666666666,0.2,True,WS-RATES:50:16
RS-001780,GIFT BAG LV,BAGS,Wholesale,Piece,,PKR,1220,1180,40,0.03278688524590164,0.03389830508474576,True,WS-RATES:50:17
RS-001781,GIFT BAG LH,BAGS,Wholesale,Piece,,PKR,1220,1180,40,0.03278688524590164,0.03389830508474576,True,WS-RATES:50:18
RS-001782,FANCY GEOMETRY CAR (M),FANCY GEOMETRY,Wholesale,Piece,,PKR,300,265,35,0.11666666666666667,0.1320754716981132,True,WS-RATES:50:19
RS-001783,GIFT BAG M2H,BAGS,Wholesale,Piece,,PKR,990,945,45,0.045454545454545456,0.047619047619047616,True,WS-RATES:50:20
RS-001784,FANCY GEOMETRY LPY-771,FANCY GEOMETRY,Wholesale,Piece,,PKR,300,280,20,0.06666666666666667,0.07142857142857142,True,WS-RATES:50:21
RS-001785,FANCY GEOMETRY A-776,FANCY GEOMETRY,Wholesale,Piece,,PKR,300,280,20,0.06666666666666667,0.07142857142857142,True,WS-RATES:50:22
RS-001786,GIFT BAG M2V,BAGS,Wholesale,Piece,,PKR,990,945,45,0.045454545454545456,0.047619047619047616,True,WS-RATES:50:23
RS-001787,FANCY GEOMETRY A-1180,FANCY GEOMETRY,Wholesale,Piece,,PKR,300,270,30,0.1,0.1111111111111111,True,WS-RATES:50:24
RS-001788,GATTA REGISTER IMP NO 5,GATTA REGISTER,Wholesale,Piece,,PKR,740,700,40,0.05405405405405406,0.05714285714285714,True,WS-RATES:50:25
RS-001789,GIFT BAG M4,BAGS,Wholesale,Piece,,PKR,660,630,30,0.045454545454545456,0.047619047619047616,True,WS-RATES:50:26
RS-001790,GATTA REGISTER IMP NO 4,GATTA REGISTER,Wholesale,Piece,,PKR,620,580,40,0.06451612903225806,0.06896551724137931,True,WS-RATES:50:27
RS-001791,FANCY GEOMETRY A-307,FANCY GEOMETRY,Wholesale,Piece,,PKR,420,390,30,0.07142857142857142,0.07692307692307693,True,WS-RATES:50:28
RS-001792,FANCY GEOMETRY JH-221,FANCY GEOMETRY,Wholesale,Piece,,PKR,300,270,30,0.1,0.1111111111111111,True,WS-RATES:50:29
RS-001793,GATTA REGISTER IMP NO 3,GATTA REGISTER,Wholesale,Piece,,PKR,520,480,40,0.07692307692307693,0.08333333333333333,True,WS-RATES:50:30
RS-001794,GIFT BAG M1H,BAGS,Wholesale,Piece,,PKR,1040,1000,40,0.038461538461538464,0.04,True,WS-RATES:50:31
RS-001795,FANCY GEOMETRY QY-10,FANCY GEOMETRY,Wholesale,Piece,,PKR,260,230,30,0.11538461538461539,0.13043478260869565,True,WS-RATES:50:32
RS-001796,GATTA REGISTER IMP NO 2,GATTA REGISTER,Wholesale,Piece,,PKR,420,380,40,0.09523809523809523,0.10526315789473684,True,WS-RATES:50:33
RS-001797,GIFT BAG M1V,BAGS,Wholesale,Piece,,PKR,1040,1000,40,0.038461538461538464,0.04,True,WS-RATES:50:34
RS-001798,GATTA REGISTER 68 NO 7 (S),GATTA REGISTER,Wholesale,Piece,,PKR,310,285,25,0.08064516129032258,0.08771929824561403,True,WS-RATES:50:35
RS-001799,GIFT BAG UMRAH,BAGS,Wholesale,Piece,,PKR,780,750,30,0.038461538461538464,0.04,True,WS-RATES:50:36
RS-001800,GATTA REGISTER 68 NO 6 (S),GATTA REGISTER,Wholesale,Piece,,PKR,280,225,55,0.19642857142857142,0.24444444444444444,True,WS-RATES:50:37
RS-001801,GIFT BAG S5,BAGS,Wholesale,Piece,,PKR,420,390,30,0.07142857142857142,0.07692307692307693,True,WS-RATES:51:2
RS-001802,FANCY GEOMETRY W-81,FANCY GEOMETRY,Wholesale,Piece,,PKR,260,230,30,0.11538461538461539,0.13043478260869565,True,WS-RATES:51:3
RS-001803,GATTA REGISTER 68 NO 5 (S),GATTA REGISTER,Wholesale,Piece,,PKR,250,205,45,0.18,0.21951219512195122,True,WS-RATES:51:4
RS-001804,FANCY GEOMETRI BX-39651,FANCY GEOMETRY,Wholesale,Piece,,PKR,260,220,40,0.15384615384615385,0.18181818181818182,True,WS-RATES:51:5
RS-001805,GATTA REGISTER 68 NO 4 (S),GATTA REGISTER,Wholesale,Piece,,PKR,220,185,35,0.1590909090909091,0.1891891891891892,True,WS-RATES:51:6
RS-001806,GIFT BAG S4,BAGS,Wholesale,Piece,,PKR,400,365,35,0.0875,0.0958904109589041,True,WS-RATES:51:7
RS-001807,GIFT BAG S3,BAGS,Wholesale,Piece,,PKR,490,450,40,0.08163265306122448,0.08888888888888889,True,WS-RATES:51:8
RS-001808,GATTA REGISTER 68 NO 2 (S),GATTA REGISTER,Wholesale,Piece,,PKR,160,135,25,0.15625,0.18518518518518517,True,WS-RATES:51:9
RS-001809,GIFT BAG S2,BAGS,Wholesale,Piece,,PKR,550,500,50,0.09090909090909091,0.1,True,WS-RATES:51:10
RS-001810,GIFT BAG S1,BAGS,Wholesale,Piece,,PKR,600,550,50,0.08333333333333333,0.09090909090909091,True,WS-RATES:51:11
RS-001811,GATTA REGISTER 68 NO 3 (S),GATTA REGISTER,Wholesale,Piece,,PKR,200,155,45,0.225,0.2903225806451613,True,WS-RATES:51:12
RS-001812,GIFT FLOWERS SMALL(JAR),CHINA,Wholesale,Jar,,PKR,480,420,60,0.125,0.14285714285714285,True,WS-RATES:51:13
RS-001813,CRYSTAL BAG LARGE,BAGS,Wholesale,Piece,,PKR,840,780,60,0.07142857142857142,0.07692307692307693,True,WS-RATES:51:14
RS-001814,GIFT RIBBON ROLE,CHINA,Wholesale,Piece,,PKR,600,520,80,0.13333333333333333,0.15384615384615385,True,WS-RATES:51:15
RS-001815,CRYSTAL BAG M3,BAGS,Wholesale,Piece,,PKR,580,570,10,0.017241379310344827,0.017543859649122806,True,WS-RATES:51:16
RS-001816,GATTA REGISTER 68 NO 7,GATTA REGISTER,Wholesale,Piece,,PKR,540,500,40,0.07407407407407407,0.08,True,WS-RATES:51:17
RS-001817,GATTA REGISTER 68 NO 6,GATTA REGISTER,Wholesale,Piece,,PKR,460,430,30,0.06521739130434782,0.06976744186046512,True,WS-RATES:51:18
RS-001818,CLUTCH PENCIL,FANCY PENCIL,Wholesale,Piece,,PKR,55,50,5,0.09090909090909091,0.1,True,WS-RATES:51:19
RS-001819,GATTA REGISTER 68 NO 5,GATTA REGISTER,Wholesale,Piece,,PKR,420,395,25,0.05952380952380952,0.06329113924050633,True,WS-RATES:51:20
RS-001820,CRYSTAL BAG M4,BAGS,Wholesale,Piece,,PKR,680,650,30,0.04411764705882353,0.046153846153846156,True,WS-RATES:51:21
RS-001821,GATTA REGISTER 68 NO 4,GATTA REGISTER,Wholesale,Piece,,PKR,380,352,28,0.07368421052631578,0.07954545454545454,True,WS-RATES:51:22
RS-001822,GATTA REISTER 68 NO 3,GATTA REGISTER,Wholesale,Piece,,PKR,350,322,28,0.08,0.08695652173913043,True,WS-RATES:51:23
RS-001823,CRYSTAL BAG M2,BAGS,Wholesale,Piece,,PKR,470,425,45,0.09574468085106383,0.10588235294117647,True,WS-RATES:51:24
RS-001824,GATTA REGISTER 68 NO 2,GATTA REGISTER,Wholesale,Piece,,PKR,290,265,25,0.08620689655172414,0.09433962264150944,True,WS-RATES:51:25
RS-001825,CRYSTAL BAG M1,BAGS,Wholesale,Piece,,PKR,320,285,35,0.109375,0.12280701754385964,True,WS-RATES:51:26
RS-001826,MAGIC CUBE QYTOYS,CHINA,Wholesale,Piece,,PKR,200,167,33,0.165,0.19760479041916168,True,WS-RATES:51:27
RS-001827,GATTA REGISTER 68 NO 1,GATTA REGISTER,Wholesale,Piece,,PKR,250,222,28,0.112,0.12612612612612611,True,WS-RATES:51:28
RS-001828,4 IN 1 BALL PEN,BALL POINT,Wholesale,Piece,,PKR,50,40,10,0.2,0.25,True,WS-RATES:51:29
RS-001829,PIANO RYTHM,BALL POINT,Wholesale,Piece,,PKR,240,228,12,0.05,0.05263157894736842,True,WS-RATES:51:30
RS-001830,10IN1 BALL PEN,BALL POINT,Wholesale,Piece,,PKR,65,52,13,0.2,0.25,True,WS-RATES:51:31
RS-001831,SIKKA PENCIL CT (42PCS),PENCILS,Wholesale,Pack,42,PKR,950,820,130,0.1368421052631579,0.15853658536585366,True,WS-RATES:51:32
RS-001832,CUTTER BLADE (SMALL),CHINA,Wholesale,Piece,,PKR,70,55,15,0.21428571428571427,0.2727272727272727,True,WS-RATES:51:33
RS-001833,FOAMIC SIMPLE 19x19,NEW LIFE,Wholesale,Piece,,PKR,270,240,30,0.1111111111111111,0.125,True,WS-RATES:51:34
RS-001834,CUTTER BLADE (LARGE),CHINA,Wholesale,Piece,,PKR,100,75,25,0.25,0.3333333333333333,True,WS-RATES:51:35
RS-001835,0.7 SIKKA MICRO,CHINA,Wholesale,Piece,,PKR,540,510,30,0.05555555555555555,0.058823529411764705,True,WS-RATES:51:36
RS-001836,0.5 SIKKA MICRO,CHINA,Wholesale,Piece,,PKR,480,460,20,0.041666666666666664,0.043478260869565216,True,WS-RATES:51:37
RS-001837,SIKKA PENCIL DIL (32PCS),PENCILS,Wholesale,Pack,32,PKR,1280,1200,80,0.0625,0.06666666666666667,True,WS-RATES:52:2
RS-001838,FIBER FILE,FILE,Wholesale,Piece,,PKR,150,120,30,0.2,0.25,True,WS-RATES:52:3
RS-001839,KIDDY K1500 MATH BOX,GEOMATRIES,Wholesale,Box,,PKR,230,190,40,0.17391304347826086,0.21052631578947367,True,WS-RATES:52:4
RS-001840,KIDDY GEOMETRY (CRYSTAL),GEOMATRIES,Wholesale,Piece,,PKR,75,68,7,0.09333333333333334,0.10294117647058823,True,WS-RATES:52:5
RS-001841,DELI HEAVY DUTY STAPLER 0385,STAPLERS,Wholesale,Piece,,PKR,6000,5550,450,0.075,0.08108108108108109,True,WS-RATES:52:6
RS-001842,KIDCO K600 GEOMETRY,GEOMATRIES,Wholesale,Piece,,PKR,120,95,25,0.20833333333333334,0.2631578947368421,True,WS-RATES:52:7
RS-001843,DELI HEAVY DUTY STAPLER 0383,STAPLERS,Wholesale,Piece,,PKR,6900,6450,450,0.06521739130434782,0.06976744186046512,True,WS-RATES:52:8
RS-001844,BOX FILE A4 (1 INCH),FILE,Wholesale,Box,,PKR,230,210,20,0.08695652173913043,0.09523809523809523,True,WS-RATES:52:9
RS-001845,KIDCO K1200 GEOMETRY,GEOMATRIES,Wholesale,Piece,,PKR,130,95,35,0.2692307692307692,0.3684210526315789,True,WS-RATES:52:10
RS-001846,BOX FILE LEAGLE (1 INCH),FILE,Wholesale,Box,,PKR,240,215,25,0.10416666666666667,0.11627906976744186,True,WS-RATES:52:11
RS-001847,DELI HEAVY DUTY STAPLER 0395,STAPLERS,Wholesale,Piece,,PKR,5500,4900,600,0.10909090909090909,0.12244897959183673,True,WS-RATES:52:12
RS-001848,KIDCO D SET SQUARE,D-SET SQARE,Wholesale,Set,,PKR,57,46,11,0.19298245614035087,0.2391304347826087,True,WS-RATES:52:13
RS-001849,BOX FI,FILE,Wholesale,Box,,PKR,240,220,20,0.08333333333333333,0.09090909090909091,True,WS-RATES:52:14
RS-001850,PUR/DAR D,D,Wholesale,Piece,,PKR,12,9,3,0.25,0.3333333333333333,True,WS-RATES:52:15
RS-001851,DELI TABLE PEN,BALL POINT,Wholesale,Piece,,PKR,135,115,20,0.14814814814814814,0.17391304347826086,True,WS-RATES:52:16
RS-001852,KIDCO D (1 PCS),D,Individual,Piece,1,PKR,25,20,5,0.2,0.25,True,WS-RATES:52:17
RS-001853,KIDCO ERASER K736,ERASERS,Wholesale,Piece,,PKR,520,480,40,0.07692307692307693,0.08333333333333333,True,WS-RATES:52:18
RS-001854,KIDCO ERASER JAR,ERASERS,Wholesale,Jar,,PKR,600,530,70,0.11666666666666667,0.1320754716981132,True,WS-RATES:52:19
RS-001855,RITO WATER DAMPER,CHINA,Wholesale,Piece,,PKR,45,37,8,0.17777777777777778,0.21621621621621623,True,WS-RATES:52:20
RS-001856,SWAN WATER DAMPER,CHINA,Wholesale,Piece,,PKR,100,86,14,0.14,0.16279069767441862,True,WS-RATES:52:21
RS-001857,DEER OIL PASTEL (12PCS),CRAYONS,Wholesale,Pack,12,PKR,228,190,38,0.16666666666666666,0.2,True,WS-RATES:52:22
RS-001858,KIDCO INK PEN SPRINTER,INK PEN,Wholesale,Piece,,PKR,380,350,30,0.07894736842105263,0.08571428571428572,True,WS-RATES:52:23
RS-001859,KIDCO INK PEN SMASHUP,INK PEN,Wholesale,Piece,,PKR,670,650,20,0.029850746268656716,0.03076923076923077,True,WS-RATES:52:24
RS-001860,KIDCO INK PEN SMASHUP (CRYST),INK PEN,Wholesale,Piece,,PKR,670,650,20,0.029850746268656716,0.03076923076923077,True,WS-RATES:52:25
RS-001861,DEER BOARD MARKER 1 PCS,BOARD & PERMANENT,Individual,Piece,1,PKR,49,39,10,0.20408163265306123,0.2564102564102564,True,WS-RATES:52:26
RS-001862,KIDCO INK PEN SHINING STAR,INK PEN,Wholesale,Piece,,PKR,380,350,30,0.07894736842105263,0.08571428571428572,True,WS-RATES:52:27
RS-001863,7 STAR POSTER COLOUR (30ML),POSTER COLORS,Wholesale,Piece,,PKR,350,300,50,0.14285714285714285,0.16666666666666666,True,WS-RATES:52:28
RS-001864,DEER PERMANENT 1PCS,BOARD & PERMANENT,Individual,Piece,1,PKR,38,31.5,6.5,0.17105263157894737,0.20634920634920634,True,WS-RATES:52:29
RS-001865,KIDCO POSTER COLOUR (30ML),POSTER COLORS,Wholesale,Piece,,PKR,440,408,32,0.07272727272727272,0.0784313725490196,True,WS-RATES:52:30
RS-001866,DEER PERMANENT MARKER,BOARD & PERMANENT,Wholesale,Piece,,PKR,454,376,78,0.17180616740088106,0.2074468085106383,True,WS-RATES:52:31
RS-001867,DEER BOARD MARKER,BOARD & PERMANENT,Wholesale,Piece,,PKR,580,468,112,0.19310344827586207,0.23931623931623933,True,WS-RATES:52:32
RS-001868,DEER COLOUR 6 HALF,PENCIL COLOR,Wholesale,Piece,,PKR,37,33,4,0.10810810810810811,0.12121212121212122,True,WS-RATES:52:33
RS-001869,DEER COLOUR 12 HALF,PENCIL COLOR,Wholesale,Piece,,PKR,72,59,13,0.18055555555555555,0.22033898305084745,True,WS-RATES:52:34
RS-001870,DEER COLOUR 12 FULL,PENCIL COLOR,Wholesale,Piece,,PKR,118,97,21,0.17796610169491525,0.21649484536082475,True,WS-RATES:52:35
RS-001871,DEER WONDER PENCIL,PENCILS,Wholesale,Piece,,PKR,166,145,21,0.12650602409638553,0.14482758620689656,True,WS-RATES:52:36
RS-001872,DEER OFFIPRO PENCIL,PENCILS,Wholesale,Piece,,PKR,180,176,4,0.022222222222222223,0.022727272727272728,True,WS-RATES:52:37
RS-001873,DEER YAHOO PENCIL,PENCILS,Wholesale,Piece,,PKR,176,170,6,0.03409090909090909,0.03529411764705882,True,WS-RATES:53:2
RS-001874,DL GUM STICK (15G),GUM STICK,Wholesale,Piece,,PKR,75,67,8,0.10666666666666667,0.11940298507462686,True,WS-RATES:53:3
RS-001875,DEER SUPER EXCEL PENCIL,PENCILS,Wholesale,Piece,,PKR,96,74,22,0.22916666666666666,0.2972972972972973,True,WS-RATES:53:4
RS-001876,DL GUM STICK (9G),GUM STICK,Wholesale,Piece,,PKR,39,35,4,0.10256410256410256,0.11428571428571428,True,WS-RATES:53:5
RS-001877,DEER 12 PCS JUMBO MARKER COL,MARKER,Wholesale,Pack,12,PKR,420,378,42,0.1,0.1111111111111111,True,WS-RATES:53:6
RS-001878,LOUFAR GUM STICK (15G)20 PCS,GUM STICK,Wholesale,Pack,20,PKR,80,72,8,0.1,0.1111111111111111,True,WS-RATES:53:7
RS-001879,DEER ST 12,MARKER,Wholesale,Piece,,PKR,119,104,15,0.12605042016806722,0.14423076923076922,True,WS-RATES:53:8
RS-001880,MAX BALL PEN,BALL POINT,Wholesale,Piece,,PKR,260,230,30,0.11538461538461539,0.13043478260869565,True,WS-RATES:53:9
RS-001881,DEER ST 10,MARKER,Wholesale,Piece,,PKR,104,90,14,0.1346153846153846,0.15555555555555556,True,WS-RATES:53:10
RS-001882,M&G STAPLER PIN 24/6,STAPLER PIN,Wholesale,Piece,,PKR,47,43,4,0.0851063829787234,0.09302325581395349,True,WS-RATES:53:11
RS-001883,DEER BUTTERFLY WATER COLOUR,WATER COLORS,Wholesale,Piece,,PKR,85,75,10,0.11764705882352941,0.13333333333333333,True,WS-RATES:53:12
RS-001884,M&G/DELI GUM STICK (36G),GUM STICK,Wholesale,Piece,,PKR,145,130,15,0.10344827586206896,0.11538461538461539,True,WS-RATES:53:13
RS-001885,DEER MR ERASER DR 40,ERASERS,Wholesale,Piece,,PKR,345,314,31,0.08985507246376812,0.09872611464968153,True,WS-RATES:53:14
RS-001886,M&G PENCIL 3000,PENCILS,Wholesale,Piece,,PKR,186,176,10,0.053763440860215055,0.056818181818181816,True,WS-RATES:53:15
RS-001887,DEER GUM STICK 8G,GUM STICK,Wholesale,Piece,,PKR,408,335,73,0.17892156862745098,0.21791044776119403,True,WS-RATES:53:16
RS-001888,M&G MGS 19 STAPLER,STAPLERS,Wholesale,Piece,,PKR,280,260,20,0.07142857142857142,0.07692307692307693,True,WS-RATES:53:17
RS-001889,M&G MGS 14 STAPLER,STAPLERS,Wholesale,Piece,,PKR,240,200,40,0.16666666666666666,0.2,True,WS-RATES:53:18
RS-001890,DEER TOPPER JAR,PENCIL JAR,Wholesale,Jar,,PKR,400,360,40,0.1,0.1111111111111111,True,WS-RATES:53:19
RS-001891,M&G STAPLER PIN 23/24,STAPLER PIN,Wholesale,Piece,,PKR,350,325,25,0.07142857142857142,0.07692307692307693,True,WS-RATES:53:20
RS-001892,DEER SUPER EXCEL JAR,PENCIL JAR,Wholesale,Jar,,PKR,390,295,95,0.24358974358974358,0.3220338983050847,True,WS-RATES:53:21
RS-001893,M&G STAPLER PIN 23/20,STAPLER PIN,Wholesale,Piece,,PKR,310,290,20,0.06451612903225806,0.06896551724137931,True,WS-RATES:53:22
RS-001894,M&G STAPLER PIN 23/17,STAPLER PIN,Wholesale,Piece,,PKR,240,220,20,0.08333333333333333,0.09090909090909091,True,WS-RATES:53:23
RS-001895,DEER PC 24COLOUR FULL,PENCIL COLOR,Wholesale,Piece,,PKR,300,232,68,0.22666666666666666,0.29310344827586204,True,WS-RATES:53:24
RS-001896,DUX 23/15 STAPLER PIN,STAPLER PIN,Wholesale,Piece,,PKR,215,195,20,0.09302325581395349,0.10256410256410256,True,WS-RATES:53:25
RS-001897,DEER PC 12 FULL COLOUR,PENCIL COLOR,Wholesale,Piece,,PKR,177,138,39,0.22033898305084745,0.2826086956521739,True,WS-RATES:53:26
RS-001898,M&G STAPLER PIN 23/13,STAPLER PIN,Wholesale,Piece,,PKR,190,170,20,0.10526315789473684,0.11764705882352941,True,WS-RATES:53:27
RS-001899,DEER PC 12 HALF COLOUR,PENCIL COLOR,Wholesale,Piece,,PKR,90,70,20,0.2222222222222222,0.2857142857142857,True,WS-RATES:53:28
RS-001900,M&G STAPLER PIN 23/10,STAPLER PIN,Wholesale,Piece,,PKR,165,150,15,0.09090909090909091,0.1,True,WS-RATES:53:29
RS-001901,DUX INK PEN 266 (SINGLE),INK PEN,Wholesale,Piece,,PKR,132,125,7,0.05303030303030303,0.056,True,WS-RATES:53:30
RS-001902,DUX INK PEN 443,INK PEN,Wholesale,Piece,,PKR,744,720,24,0.03225806451612903,0.03333333333333333,True,WS-RATES:53:31
RS-001903,TEMPO CORRECTION PEN,Correction pen,Wholesale,Piece,,PKR,34,32.3,1.7000000000000028,0.050000000000000086,0.052631578947368515,True,WS-RATES:53:32
RS-001904,TEMPO ST 12,MARKER COLOR,Wholesale,Piece,,PKR,130,123,7,0.05384615384615385,0.056910569105691054,True,WS-RATES:53:33
RS-001905,M&G STAPLER PIN 23/8,STAPLER PIN,Wholesale,Piece,,PKR,140,120,20,0.14285714285714285,0.16666666666666666,True,WS-RATES:53:34
RS-001907,DUX 12 HALF COLOUR PENCIL,PENCIL COLOR,Wholesale,Piece,,PKR,110,100,10,0.09090909090909091,0.1,True,WS-RATES:53:36
RS-001908,DUX D10 STAPLER,STAPLERS,Wholesale,Piece,,PKR,225,212,13,0.057777777777777775,0.06132075471698113,True,WS-RATES:53:37
RS-001909,DUX 702 MATHEMATICAL GEOMAT,GEOMATRIES,Wholesale,Piece,,PKR,370,325,45,0.12162162162162163,0.13846153846153847,True,WS-RATES:54:2
RS-001910,DUX BROWN PENCIL,PENCIL COLOR,Wholesale,Piece,,PKR,208,198,10,0.04807692307692308,0.050505050505050504,True,WS-RATES:54:3
RS-001911,DUX 12 FULL COLOUR PENCIL,PENCIL COLOR,Wholesale,Piece,,PKR,197,179,18,0.09137055837563451,0.1005586592178771,True,WS-RATES:54:4
RS-001912,DUX TI KONE PENCIL,PENCILS,Wholesale,Piece,,PKR,178,170,8,0.0449438202247191,0.047058823529411764,True,WS-RATES:54:5
RS-001913,DUX 10 NUMBER PIN,STAPLER PIN,Wholesale,Piece,,PKR,28,26,2,0.07142857142857142,0.07692307692307693,True,WS-RATES:54:6
RS-001914,DUX 24/6 PIN,STAPLER PIN,Wholesale,Piece,,PKR,48,44,4,0.08333333333333333,0.09090909090909091,True,WS-RATES:54:7
RS-001915,DUX 10 NUMBER PIN (BOX),STAPLER PIN,Wholesale,Box,,PKR,550,515,35,0.06363636363636363,0.06796116504854369,True,WS-RATES:54:8
RS-001916,DUX 6 INCH SCALE,SCALES,Wholesale,Piece,,PKR,23,20,3,0.13043478260869565,0.15,True,WS-RATES:54:9
RS-001917,DUX 24/6 PIN (BOX),STAPLER PIN,Wholesale,Box,,PKR,460,440,20,0.043478260869565216,0.045454545454545456,True,WS-RATES:54:10
RS-001918,DUX D90 STAPLER,STAPLERS,Wholesale,Piece,,PKR,350,325,25,0.07142857142857142,0.07692307692307693,True,WS-RATES:54:11
RS-001919,DUX D12 STAPLER,STAPLERS,Wholesale,Piece,,PKR,390,355,35,0.08974358974358974,0.09859154929577464,True,WS-RATES:54:12
RS-001920,DUX SILVER PENCIL 7000,PENCILS,Wholesale,Piece,,PKR,196,186,10,0.05102040816326531,0.053763440860215055,True,WS-RATES:54:13
RS-001921,G/F PICASSO GRIP,BALL POINT,Wholesale,Piece,,PKR,140,135.5,4.5,0.03214285714285714,0.033210332103321034,True,WS-RATES:54:14
RS-001922,DUX TRIWITER 777 PENCIL(GLAS),PENCIL JAR,Wholesale,Piece,,PKR,880,860,20,0.022727272727272728,0.023255813953488372,True,WS-RATES:54:15
RS-001923,G/F PICASSO ORIA,BALL POINT,Wholesale,Piece,,PKR,200,175,25,0.125,0.14285714285714285,True,WS-RATES:54:16
RS-001924,G/F CRAYONS JUMBO,CRAYONS,Wholesale,Piece,,PKR,188,174,14,0.07446808510638298,0.08045977011494253,True,WS-RATES:54:17
RS-001925,DUX FRIES PENCIL 555(GLASS),PENCIL JAR,Wholesale,Piece,,PKR,480,460,20,0.041666666666666664,0.043478260869565216,True,WS-RATES:54:18
RS-001926,G/F CRAYONS 9MM,CRAYONS,Wholesale,Piece,,PKR,124,115,9,0.07258064516129033,0.0782608695652174,True,WS-RATES:54:19
RS-001927,G/F POSTER COLOUR 30ML,POSTER COLORS,Wholesale,Piece,,PKR,502,466,36,0.07171314741035857,0.07725321888412018,True,WS-RATES:54:20
RS-001928,G/F POSTER COLOUR 6+1,POSTER COLORS,Wholesale,Pack,7,PKR,165,153,12,0.07272727272727272,0.0784313725490196,True,WS-RATES:54:21
RS-001929,G/F BROWN PENCIL,PENCILS,Wholesale,Piece,,PKR,175,163,12,0.06857142857142857,0.0736196319018405,True,WS-RATES:54:22
RS-001930,G/F RAUSHAN 12PCS,PENCILS,Wholesale,Pack,12,PKR,181,169.6,11.400000000000006,0.06298342541436468,0.06721698113207551,True,WS-RATES:54:23
RS-001931,G/F BROWN JAR (48 pc),PENCIL JAR,Wholesale,Jar,48,PKR,700,650,50,0.07142857142857142,0.07692307692307693,True,WS-RATES:54:24
RS-001932,G/F RAUSHAN JAR,PENCIL JAR,Wholesale,Jar,,PKR,724,680,44,0.06077348066298342,0.06470588235294118,True,WS-RATES:54:25
RS-001933,G/F COLOUR 12 FULL,PENCIL COLOR,Wholesale,Piece,,PKR,189,175.7,13.300000000000011,0.07037037037037043,0.07569721115537856,True,WS-RATES:54:26
RS-001934,G/F COLOUR 12 HALF,PENCIL COLOR,Wholesale,Piece,,PKR,109,98,11,0.10091743119266056,0.11224489795918367,True,WS-RATES:54:27
RS-001935,G/F COLOUR 6 HALF,PENCIL COLOR,Wholesale,Piece,,PKR,59,54.8,4.200000000000003,0.07118644067796615,0.07664233576642342,True,WS-RATES:54:28
RS-001936,G/F INK CARTRIDGE,CARTRIDGE,Wholesale,Piece,,PKR,28,26,2,0.07142857142857142,0.07692307692307693,True,WS-RATES:54:29
RS-001937,DUX BROWN PENCIL JAR,PENCIL JAR,Wholesale,Jar,,PKR,832,800,32,0.038461538461538464,0.04,True,WS-RATES:54:30
RS-001938,DUX 222 PENCIL JAR,PENCIL JAR,Wholesale,Jar,,PKR,700,670,30,0.04285714285714286,0.04477611940298507,True,WS-RATES:54:31
RS-001939,DUX INK PEN SAFARI,INK PEN,Wholesale,Piece,,PKR,760,715,45,0.05921052631578947,0.06293706293706294,True,WS-RATES:54:32
RS-001940,DUX INK PEN WAVE,INK PEN,Wholesale,Piece,,PKR,650,615,35,0.05384615384615385,0.056910569105691054,True,WS-RATES:54:33
RS-001941,DUX INK PEN GRADIENT,INK PEN,Wholesale,Piece,,PKR,760,715,45,0.05921052631578947,0.06293706293706294,True,WS-RATES:54:34
RS-001942,DUX INK PEN 250,INK PEN,Wholesale,Piece,,PKR,780,750,30,0.038461538461538464,0.04,True,WS-RATES:54:35
RS-001943,DUX D60 ERASER,ERASERS,Wholesale,Piece,,PKR,400,385,15,0.0375,0.03896103896103896,True,WS-RATES:54:36
RS-001944,DUX D45 ERASER,ERASERS,Wholesale,Piece,,PKR,295,270,25,0.0847457627118644,0.09259259259259259,True,WS-RATES:54:37
RS-001945,DUX COMPASS,COMPASS,Wholesale,Piece,,PKR,77,70,7,0.09090909090909091,0.1,True,WS-RATES:55:2
RS-001946,ORO TANGO STAPLER NO 10,STAPLERS,Wholesale,Piece,,PKR,205,185,20,0.0975609756097561,0.10810810810810811,True,WS-RATES:55:3
RS-001947,ORO SIGMA STAPLER,STAPLERS,Wholesale,Piece,,PKR,200,170,30,0.15,0.17647058823529413,True,WS-RATES:55:4
RS-001948,ORO MINIO STAPLER 10 NUMBER,STAPLERS,Wholesale,Piece,,PKR,145,125,20,0.13793103448275862,0.16,True,WS-RATES:55:5
RS-001949,DUX CORRECTION PEN 140(12PCS),Correction pen,Wholesale,Pack,12,PKR,456,440,16,0.03508771929824561,0.03636363636363636,True,WS-RATES:55:6
RS-001950,ORO FLORENSE STAPLER,STAPLERS,Wholesale,Piece,,PKR,180,155,25,0.1388888888888889,0.16129032258064516,True,WS-RATES:55:7
RS-001951,DUX CORRECTION 139(24PCS),Correction pen,Wholesale,Pack,24,PKR,912,850,62,0.06798245614035088,0.07294117647058823,True,WS-RATES:55:8
RS-001952,ORO MATH BOX 1 PCS,GEOMATRIES,Individual,Piece,1,PKR,275,220,55,0.2,0.25,True,WS-RATES:55:9
RS-001953,ORO LA BELLO MIRROR PENCIL B,GEOMATRIES,Wholesale,Piece,,PKR,330,275,55,0.16666666666666666,0.2,True,WS-RATES:55:10
RS-001954,ORO KELLY PENCIL BOX,GEOMATRIES,Wholesale,Box,,PKR,125,88,37,0.296,0.42045454545454547,True,WS-RATES:55:11
RS-001955,ORO COCO BEAR PENCIL BOX,GEOMATRIES,Wholesale,Box,,PKR,190,155,35,0.18421052631578946,0.22580645161290322,True,WS-RATES:55:12
RS-001956,ORO VEEZO ERASER JAR,ERASERS,Wholesale,Jar,,PKR,320,280,40,0.125,0.14285714285714285,True,WS-RATES:55:13
RS-001957,ORO O WRITE,POINTER,Wholesale,Piece,,PKR,720,660,60,0.08333333333333333,0.09090909090909091,True,WS-RATES:55:14
RS-001958,ORO,BALL POINT,Wholesale,Piece,,PKR,350,290,60,0.17142857142857143,0.20689655172413793,True,WS-RATES:55:15
RS-001959,ORO INVENTER,BALL POINT,Wholesale,Piece,,PKR,340,275,65,0.19117647058823528,0.23636363636363636,True,WS-RATES:55:16
RS-001960,ORO CORRECTION 1PCS,Correction pen,Individual,Piece,1,PKR,37,33,4,0.10810810810810811,0.12121212121212122,True,WS-RATES:55:17
RS-001961,ORO CORRECTION PEN BOX,Correction pen,Wholesale,Box,,PKR,432,396,36,0.08333333333333333,0.09090909090909091,True,WS-RATES:55:18
RS-001962,ORO 12 COLOUR HALF,PENCIL COLOR,Wholesale,Piece,,PKR,118,112,6,0.05084745762711865,0.05357142857142857,True,WS-RATES:55:19
RS-001963,ORO 12 COLOUR FULL NO 151,PENCIL COLOR,Wholesale,Piece,,PKR,202,181.5,20.5,0.10148514851485149,0.11294765840220386,True,WS-RATES:55:20
RS-001964,ORO REMOVER,REMOVERS,Wholesale,Piece,,PKR,195,185.5,9.5,0.04871794871794872,0.05121293800539083,True,WS-RATES:55:21
RS-001965,ORO SCALE 6 INCH,SCALES,Wholesale,Piece,,PKR,26.5,20,6.5,0.24528301886792453,0.325,True,WS-RATES:55:22
RS-001966,ORO SCALE 8 INCH,SCALES,Wholesale,Piece,,PKR,39,31,8,0.20512820512820512,0.25806451612903225,True,WS-RATES:55:23
RS-001967,ORO SCALE 12 INCH,SCALES,Wholesale,Piece,,PKR,48,37.8,10.200000000000003,0.21250000000000005,0.26984126984126994,True,WS-RATES:55:24
RS-001968,ORO SPAYSER ERASER,ERASERS,Wholesale,Piece,,PKR,415,350,65,0.1566265060240964,0.18571428571428572,True,WS-RATES:55:25
RS-001969,ORO OFFYSO ERASER,ERASERS,Wholesale,Piece,,PKR,425,350,75,0.17647058823529413,0.21428571428571427,True,WS-RATES:55:26
RS-001970,ORO 24/6 PIN (S),STAPLER PIN,Wholesale,Piece,,PKR,48,44,4,0.08333333333333333,0.09090909090909091,True,WS-RATES:55:27
RS-001971,ORO 24/6 PIN (BOX),STAPLER PIN,Wholesale,Box,,PKR,480,426,54,0.1125,0.1267605633802817,True,WS-RATES:55:28
RS-001972,ORO 10 NUM PIN (1 PC),STAPLERS,Individual,Piece,1,PKR,27,25,2,0.07407407407407407,0.08,True,WS-RATES:55:29
RS-001973,ORO 10 NUM PIN (BOX),STAPLER PIN,Wholesale,Box,,PKR,500,485,15,0.03,0.030927835051546393,True,WS-RATES:55:30
RS-001974,ORO INK PEN INKY WINKS,Fountain pen,Wholesale,Piece,,PKR,640,615,25,0.0390625,0.04065040650406504,True,WS-RATES:55:31
RS-001975,ORO INK PEN VELOCITY,Fountain pen,Wholesale,Piece,,PKR,790,715,75,0.0949367088607595,0.1048951048951049,True,WS-RATES:55:32
RS-001976,ORO INK PEN INOVVA,Fountain pen,Wholesale,Piece,,PKR,790,715,75,0.0949367088607595,0.1048951048951049,True,WS-RATES:55:33
RS-001977,ORO INK PEN SPEED STAR,Fountain pen,Wholesale,Piece,,PKR,740,715,25,0.033783783783783786,0.03496503496503497,True,WS-RATES:55:34
RS-001978,ORO INK PEN FLEX,Fountain pen,Wholesale,Piece,,PKR,840,812,28,0.03333333333333333,0.034482758620689655,True,WS-RATES:55:35
RS-001979,ORO INK PEN SPYDER,Fountain pen,Wholesale,Piece,,PKR,840,812,28,0.03333333333333333,0.034482758620689655,True,WS-RATES:55:36
RS-001980,ORO INK PEN TURBOGRIP,Fountain pen,Wholesale,Piece,,PKR,840,812,28,0.03333333333333333,0.034482758620689655,True,WS-RATES:55:37
RS-001981,ORO TRIMETAL PENCIL 12PCS,PENCILS,Wholesale,Rim,12,PKR,192,184,8,0.041666666666666664,0.043478260869565216,True,WS-RATES:56:2
RS-001982,ORO PREMIA PENCIL 12PCS,PENCILS,Wholesale,Pack,12,PKR,192,183,9,0.046875,0.04918032786885246,True,WS-RATES:56:3
RS-001983,ORO PLATINO PENCIL 12PCS,PENCILS,Wholesale,Pack,12,PKR,188,176,12,0.06382978723404255,0.06818181818181818,True,WS-RATES:56:4
RS-001984,ORO SPLASH PENCIL 12PCS,PENCILS,Wholesale,Pack,12,PKR,192,183,9,0.046875,0.04918032786885246,True,WS-RATES:56:5
RS-001985,ORO TRIFLE PENCIL (6PCS),PENCILS,Wholesale,Pack,6,PKR,108,99,9,0.08333333333333333,0.09090909090909091,True,WS-RATES:56:6
RS-001986,ORO SHARPNER JAR 20,SHARPNERS,Wholesale,Jar,,PKR,750,610,140,0.18666666666666668,0.22950819672131148,True,WS-RATES:56:7
RS-001987,ORO REEKO SHARPNER JAR,SHARPNERS,Wholesale,Jar,,PKR,450,408,42,0.09333333333333334,0.10294117647058823,True,WS-RATES:56:8
RS-001988,ORO PREMIA JAR,PENCIL JAR,Wholesale,Jar,,PKR,1152,1102,50,0.043402777777777776,0.045372050816696916,True,WS-RATES:56:9
RS-001989,ORO TRIFLE JAR,PENCIL JAR,Wholesale,Jar,,PKR,1296,1200,96,0.07407407407407407,0.08,True,WS-RATES:56:10
RS-001990,DUX CORRECTION 139(1 PCS),Correction pen,Individual,Piece,1,PKR,38,35,3,0.07894736842105263,0.08571428571428572,True,WS-RATES:56:11
RS-001992,ORO SPLASH JAR,PENCIL JAR,Wholesale,Jar,,PKR,1152,1102,50,0.043402777777777776,0.045372050816696916,True,WS-RATES:56:13
RS-001993,DUX CORRECTION 140(1 PCS),Correction pen,Individual,Piece,1,PKR,38,35,3,0.07894736842105263,0.08571428571428572,True,WS-RATES:56:14
RS-001994,DUX SILVER SHARPNER 503,SHARPNERS,Wholesale,Piece,,PKR,630,605,25,0.03968253968253968,0.04132231404958678,True,WS-RATES:56:15
RS-001995,DUX SHARPENER (506),SHARPNERS,Wholesale,Piece,,PKR,760,710,50,0.06578947368421052,0.07042253521126761,True,WS-RATES:56:16
RS-001996,DUX SHARPENER (505),SHARPNERS,Wholesale,Piece,,PKR,760,710,50,0.06578947368421052,0.07042253521126761,True,WS-RATES:56:17
RS-001997,DUX SHARPENER (502),SHARPNERS,Wholesale,Piece,,PKR,390,360,30,0.07692307692307693,0.08333333333333333,True,WS-RATES:56:18
RS-001998,DUX GEL PEN DX 1000,GEL PEN,Wholesale,Piece,,PKR,564,516,48,0.0851063829787234,0.09302325581395349,True,WS-RATES:56:19
RS-001999,DUX GEL PEN STICK (301),GEL PEN,Wholesale,Piece,,PKR,432,396,36,0.08333333333333333,0.09090909090909091,True,WS-RATES:56:20
RS-002000,DUX GEL PEN OFFICE (901),GEL PEN,Wholesale,Piece,,PKR,588,528,60,0.10204081632653061,0.11363636363636363,True,WS-RATES:56:21
RS-002001,UNI SIGNO (SILVER),GEL PEN,Wholesale,Piece,,PKR,125,98,27,0.216,0.2755102040816326,True,WS-RATES:56:22
RS-002002,......,PAINT MARKERS,Wholesale,Piece,,PKR,220,203,17,0.07727272727272727,0.08374384236453201,True,WS-RATES:56:23
RS-002003,UNI PAINT MARKER,PAINT MARKERS,Wholesale,Piece,,PKR,230,198,32,0.1391304347826087,0.16161616161616163,True,WS-RATES:56:24
RS-002004,UNI SIGNO,GEL PEN,Wholesale,Piece,,PKR,125,98,27,0.216,0.2755102040816326,True,WS-RATES:56:25
RS-002005,UNI SIGNO (GOLDEN),GEL PEN,Wholesale,Piece,,PKR,130,100,30,0.23076923076923078,0.3,True,WS-RATES:56:26
RS-002006,UNI EYE FINE 157,GEL PEN,Wholesale,Piece,,PKR,260,240,20,0.07692307692307693,0.08333333333333333,True,WS-RATES:56:27
RS-002007,UNI EYE MICRO 150,GEL PEN,Wholesale,Piece,,PKR,265,240,25,0.09433962264150944,0.10416666666666667,True,WS-RATES:56:28
RS-002008,MASTER QALAM (604),CUT MARKERS,Wholesale,Piece,,PKR,165,141,24,0.14545454545454545,0.1702127659574468,True,WS-RATES:56:29
RS-002009,MASTER QALAM (605),CUT MARKERS,Wholesale,Piece,,PKR,185,161,24,0.12972972972972974,0.14906832298136646,True,WS-RATES:56:30
RS-002010,SIGNATURE POINTER JAR,POINTER,Wholesale,Jar,,PKR,1800,1568,232,0.1288888888888889,0.14795918367346939,True,WS-RATES:56:31
RS-002011,SIGNATURE SUPERLINER,POINTER,Wholesale,Piece,,PKR,125,118,7,0.056,0.059322033898305086,True,WS-RATES:56:32
RS-002012,SIGNATURE SPLASH POINTER,POINTER,Wholesale,Piece,,PKR,205,199,6,0.02926829268292683,0.03015075376884422,True,WS-RATES:56:33
RS-002013,SIGNATURE POINTER,POINTER,Wholesale,Piece,,PKR,240,226,14,0.058333333333333334,0.061946902654867256,True,WS-RATES:56:34
RS-002014,SIGNATURE KATIB,CUT MARKERS,Wholesale,Piece,,PKR,127,120,7,0.05511811023622047,0.058333333333333334,True,WS-RATES:56:35
RS-002015,SIGNATURE MARKER,MARKER,Wholesale,Piece,,PKR,120,109,11,0.09166666666666666,0.10091743119266056,True,WS-RATES:56:36
RS-002016,SIGNATURE BLU,BALL POINT,Wholesale,Piece,,PKR,158,154,4,0.02531645569620253,0.025974025974025976,True,WS-RATES:56:37
RS-002017,SIGNATURE ORENJ,BALL POINT,Wholesale,Piece,,PKR,158,149,9,0.056962025316455694,0.06040268456375839,True,WS-RATES:57:2
RS-002018,/DOLLAR MARKER,MARKER,Wholesale,Piece,,PKR,159,154.233,4.766999999999996,0.02998113207547167,0.03090778238120244,True,WS-RATES:57:3
RS-002019,DOLLAR JET FLOW,GEL PEN,Wholesale,Piece,,PKR,308,298.76,9.240000000000009,0.03000000000000003,0.030927835051546424,True,WS-RATES:57:4
RS-002020,DOLLAR 8g GUM STICK,GUM STICK,Wholesale,Piece,,PKR,71,66.69,4.310000000000002,0.06070422535211271,0.06462738041685413,True,WS-RATES:57:5
RS-002021,DOLLAR 20G GUM STICK,GUM STICK,Wholesale,Piece,,PKR,130,126,4,0.03076923076923077,0.031746031746031744,True,WS-RATES:57:6
RS-002022,DOLLAR 35g GUM STICK,GUM STICK,Wholesale,Piece,,PKR,194,184.3,9.699999999999989,0.04999999999999994,0.052631578947368356,True,WS-RATES:57:7
RS-002023,DOLLAR 8g GUM STICK (BOX),GLUE GUN,Wholesale,Box,,PKR,1692,1641,51,0.030141843971631204,0.031078610603290677,True,WS-RATES:57:8
RS-002024,DOLLAR 35G GUM STICK (BOX),GLUE GUN,Wholesale,Box,,PKR,2327,2257.19,69.80999999999995,0.029999999999999978,0.030927835051546365,True,WS-RATES:57:9
RS-002025,DOLLAR 20G GUM STICK (BOX),GLUE GUN,Wholesale,Box,,PKR,1558,1511.26,46.74000000000001,0.030000000000000006,0.030927835051546396,True,WS-RATES:57:10
RS-002026,DOLLAR NEON (15pcs),HIGHLIGHTER,Wholesale,Pack,15,PKR,870,844,26,0.029885057471264367,0.030805687203791468,True,WS-RATES:57:11
RS-002027,DOLLAR NEON (30pcs),HIGHLIGHTER,Wholesale,Pack,30,PKR,1740,1687.78,52.22000000000003,0.03001149425287358,0.030940051428503732,True,WS-RATES:57:12
RS-002028,DOLLAR NEON 10 PCS,HIGHLIGHTER,Wholesale,Pack,10,PKR,580,562.6,17.399999999999977,0.02999999999999996,0.03092783505154635,True,WS-RATES:57:13
RS-002029,DOLLAR BOARD INK 15ml (BOX),BOARD & PERMANENT,Wholesale,Box,,PKR,1041,1009.8,31.200000000000045,0.02997118155619601,0.03089720736779565,True,WS-RATES:57:14
RS-002030,DOLLAR BOARD MARKER (BOX),BOARD & PERMANENT,Wholesale,Box,,PKR,677,656.7,20.299999999999955,0.029985228951255473,0.03091213643977456,True,WS-RATES:57:15
RS-002031,DOLLAR 30ML INK,FOUNTAIN INK,Wholesale,Piece,,PKR,37,35.65,1.3500000000000014,0.03648648648648652,0.037868162692847165,True,WS-RATES:57:16
RS-002032,DOLLAR 60ML INK(1PC),FOUNTAIN INK,Individual,Piece,1,PKR,54,51.81,2.1899999999999977,0.04055555555555551,0.04226983207874923,True,WS-RATES:57:17
RS-002033,MERCURY INK PEN INKSPIRE,INK PEN,Wholesale,Piece,,PKR,550,510,40,0.07272727272727272,0.0784313725490196,True,WS-RATES:57:18
RS-002034,MERCURY INK PEN WAVE,INK PEN,Wholesale,Piece,,PKR,525,465,60,0.11428571428571428,0.12903225806451613,True,WS-RATES:57:19
RS-002035,MERCURY INK PEN ASTRO,INK PEN,Wholesale,Piece,,PKR,500,465,35,0.07,0.07526881720430108,True,WS-RATES:57:20
RS-002036,MERCURY ST 10,MARKER COLOR,Wholesale,Piece,,PKR,87,80,7,0.08045977011494253,0.0875,True,WS-RATES:57:21
RS-002037,MERCURY CORRECTION PEN,Correction pen,Wholesale,Piece,,PKR,36,35.5,0.5,0.013888888888888888,0.014084507042253521,True,WS-RATES:57:22
RS-002038,MERCURY DOUBLE CUT MARKER,CUT MARKERS,Wholesale,Piece,,PKR,290,271,19,0.06551724137931035,0.07011070110701106,True,WS-RATES:57:23
RS-002039,MERCURY FAST POINTER(BLUE),POINTER,Wholesale,Piece,,PKR,130,120,10,0.07692307692307693,0.08333333333333333,True,WS-RATES:57:24
RS-002040,MERCURY FAST POINTER,POINTER,Wholesale,Piece,,PKR,130,120,10,0.07692307692307693,0.08333333333333333,True,WS-RATES:57:25
RS-002041,MERCURY FIBRE TIP MARKER,MARKER,Wholesale,Piece,,PKR,87,79,8,0.09195402298850575,0.10126582278481013,True,WS-RATES:57:26
RS-002042,MERCURY CUT MARKER 805,CUT MARKERS,Wholesale,Piece,,PKR,160,152,8,0.05,0.05263157894736842,True,WS-RATES:57:27
RS-002043,MERCURY CUT MARKER 804,CUT MARKERS,Wholesale,Piece,,PKR,145,135,10,0.06896551724137931,0.07407407407407407,True,WS-RATES:57:28
RS-002044,MERCURY CUT MARKER,CUT MARKERS,Wholesale,Piece,,PKR,88,81,7,0.07954545454545454,0.08641975308641975,True,WS-RATES:57:29
RS-002045,MERCURY 7620 PENCIL (GLASS),PENCIL JAR,Wholesale,Piece,,PKR,690,630,60,0.08695652173913043,0.09523809523809523,True,WS-RATES:57:30
RS-002046,DOLLAR 60ML (BOX),FOUNTAIN INK,Wholesale,Box,,PKR,641,621.77,19.230000000000018,0.030000000000000027,0.03092783505154642,True,WS-RATES:57:31
RS-002047,DOLLAR 30ML INK (BOX),FOUNTAIN INK,Wholesale,Box,,PKR,441,427.77,13.230000000000018,0.03000000000000004,0.030927835051546435,True,WS-RATES:57:32
RS-002048,MERCURY 7720 PENCIL (GLASS),PENCIL JAR,Wholesale,Piece,,PKR,660,603,57,0.08636363636363636,0.0945273631840796,True,WS-RATES:57:33
RS-002049,MERCURY 8120 PENCIL (GLASS),PENCIL JAR,Wholesale,Piece,,PKR,708,642,66,0.09322033898305085,0.102803738317757,True,WS-RATES:57:34
RS-002050,MERCURY 7820 PENCIL (JAR),PENCIL JAR,Wholesale,Jar,,PKR,756,750,6,0.007936507936507936,0.008,True,WS-RATES:57:35
RS-002051,MERCURY 7820 PENCIL (GLASS),PENCIL JAR,Wholesale,Piece,,PKR,732,725,7,0.009562841530054645,0.009655172413793104,True,WS-RATES:57:36
RS-002052,DOLLAR PERMANENT MARKER(BO),BOARD & PERMANENT,Wholesale,Piece,,PKR,667,647,20,0.029985007496251874,0.030911901081916538,True,WS-RATES:57:37
RS-002053,MERCURY PENCIL BOX,GEOMATRIES,Wholesale,Box,,PKR,125,116,9,0.072,0.07758620689655173,True,WS-RATES:58:2
RS-002054,DOLLAR PERMANENT MARKER 1 P,BOARD & PERMANENT,Wholesale,Piece,1,PKR,56,53.92,2.0799999999999983,0.03714285714285711,0.038575667655786315,True,WS-RATES:58:3
RS-002055,MERCURY SCHOOL BOX,GEOMATRIES,Wholesale,Box,,PKR,145,135,10,0.06896551724137931,0.07407407407407407,True,WS-RATES:58:4
RS-002056,DOLLAR CLIPPER,BALL POINT,Wholesale,Piece,,PKR,144,139.68,4.319999999999993,0.029999999999999954,0.03092783505154634,True,WS-RATES:58:5
RS-002057,DOLLAR BP 3,BALL POINT,Wholesale,Piece,,PKR,216,209.52,6.47999999999999,0.029999999999999954,0.03092783505154634,True,WS-RATES:58:6
RS-002058,UHU 13 NUMBER,UHU,Wholesale,Piece,,PKR,240,202,38,0.15833333333333333,0.18811881188118812,True,WS-RATES:58:7
RS-002059,UHU 14 NUMBER,UHU,Wholesale,Piece,,PKR,570,552,18,0.031578947368421054,0.03260869565217391,True,WS-RATES:58:8
RS-002060,UHU 6 NUMBER,UHU,Wholesale,Piece,,PKR,380,345,35,0.09210526315789473,0.10144927536231885,True,WS-RATES:58:9
RS-002061,UHU 11 NUMBER,UHU,Wholesale,Piece,,PKR,105,90,15,0.14285714285714285,0.16666666666666666,True,WS-RATES:58:10
RS-002062,UHU 12 NUMBER,UHU,Wholesale,Piece,,PKR,175,142,33,0.18857142857142858,0.2323943661971831,True,WS-RATES:58:11
RS-002063,UHU 10 NUMBER,UHU,Wholesale,Piece,,PKR,410,383,27,0.06585365853658537,0.07049608355091384,True,WS-RATES:58:12
RS-002064,PIANO INK REMOVER,REMOVERS,Wholesale,Piece,,PKR,196,186,10,0.05102040816326531,0.053763440860215055,True,WS-RATES:58:13
RS-002065,PIANO INK PEN URDU,INK PEN,Wholesale,Piece,,PKR,590,560,30,0.05084745762711865,0.05357142857142857,True,WS-RATES:58:14
RS-002066,PIANO INK PEN PLUS+,INK PEN,Wholesale,Piece,,PKR,530,504,26,0.04905660377358491,0.051587301587301584,True,WS-RATES:58:15
RS-002067,PIANO FOUNTAIN PEN,INK PEN,Wholesale,Piece,,PKR,580,550,30,0.05172413793103448,0.05454545454545454,True,WS-RATES:58:16
RS-002068,PIANO A STAR PEN,INK PEN,Wholesale,Piece,,PKR,400,380,20,0.05,0.05263157894736842,True,WS-RATES:58:17
RS-002069,PIANO SCHOOL PEN,INK PEN,Wholesale,Piece,,PKR,670,636,34,0.050746268656716415,0.05345911949685535,True,WS-RATES:58:18
RS-002070,PIANO 92.97 INK PEN,Fountain pen,Wholesale,Piece,,PKR,740,703,37,0.05,0.05263157894736842,True,WS-RATES:58:19
RS-002071,PIANO CLEAR INK PEN,Fountain pen,Wholesale,Piece,,PKR,600,570,30,0.05,0.05263157894736842,True,WS-RATES:58:20
RS-002072,PIANO SMART INK PEN,Fountain pen,Wholesale,Piece,,PKR,560,532,28,0.05,0.05263157894736842,True,WS-RATES:58:21
RS-002073,PIANO SMART (SED) INK PEN,Fountain pen,Wholesale,Piece,,PKR,590,560,30,0.05084745762711865,0.05357142857142857,True,WS-RATES:58:22
RS-002074,PIANO 786 INK PEN,Fountain pen,Wholesale,Piece,,PKR,905,860,45,0.049723756906077346,0.05232558139534884,True,WS-RATES:58:23
RS-002075,PIANO FINE LINER(COMFPRT),POINTER,Wholesale,Piece,,PKR,200,190,10,0.05,0.05263157894736842,True,WS-RATES:58:24
RS-002076,PIANO BOARD INK 60ML,BOARD INK,Wholesale,Piece,,PKR,228,216.6,11.400000000000006,0.050000000000000024,0.052631578947368446,True,WS-RATES:58:25
RS-002077,PIANO INK 60 ML (BOX),FOUNTAIN INK,Wholesale,Box,,PKR,564,535.8,28.200000000000045,0.05000000000000008,0.05263157894736851,True,WS-RATES:58:26
RS-002078,PIANO INK 60ML,FOUNTAIN INK,Wholesale,Piece,,PKR,47,44.65,2.3500000000000014,0.05000000000000003,0.05263157894736845,True,WS-RATES:58:27
RS-002079,PIANO INK 30ML (BOX),FOUNTAIN INK,Wholesale,Box,,PKR,366,347.7,18.30000000000001,0.05000000000000003,0.05263157894736845,True,WS-RATES:58:28
RS-002080,PIANO INK 30ML,FOUNTAIN INK,Wholesale,Piece,,PKR,30.5,28.97,1.5300000000000011,0.050163934426229545,0.05281325509147398,True,WS-RATES:58:29
RS-002082,PIANO TR 17 SHARPNER,SHARPNERS,Wholesale,Piece,,PKR,465,441.75,23.25,0.05,0.05263157894736842,True,WS-RATES:58:31
RS-002083,PIANO TR 14 SHARPNER,SHARPNERS,Wholesale,Piece,,PKR,360,342,18,0.05,0.05263157894736842,True,WS-RATES:58:32
RS-002084,PIANO TR 18 SHARPNER,SHARPNERS,Wholesale,Piece,,PKR,450,427.5,22.5,0.05,0.05263157894736842,True,WS-RATES:58:33
RS-002085,PIANO PENCIL BOX,GEOMATRIES,Wholesale,Box,,PKR,130,124,6,0.046153846153846156,0.04838709677419355,True,WS-RATES:58:34
RS-002086,PIANO MATH BOX (WR 503),GEOMATRIES,Wholesale,Box,,PKR,320,304,16,0.05,0.05263157894736842,True,WS-RATES:58:35
RS-002087,PIANO STAR JAR LARGE,PENCILS,Wholesale,Jar,,PKR,880,836,44,0.05,0.05263157894736842,True,WS-RATES:58:36
RS-002088,DOLLAR SP 10,INK PEN,Wholesale,Piece,,PKR,542,525.74,16.25999999999999,0.02999999999999998,0.030927835051546376,True,WS-RATES:58:37
RS-002089,PIANO STAR JAR SMALL,PENCILS,Wholesale,Jar,,PKR,660,627,33,0.05,0.05263157894736842,True,WS-RATES:59:2
RS-002090,DOLLAR FP 5,INK PEN,Wholesale,Piece,,PKR,435,422,13,0.029885057471264367,0.030805687203791468,True,WS-RATES:59:3
RS-002091,PIANO STAR PENCIL,PENCILS,Wholesale,Piece,,PKR,167,159.5,7.5,0.04491017964071856,0.047021943573667714,True,WS-RATES:59:4
RS-002092,PIANO PREMIUM PENCIL,PENCILS,Wholesale,Piece,,PKR,190,180.5,9.5,0.05,0.05263157894736842,True,WS-RATES:59:5
RS-002093,DOLLAR 717 QALAM,INK PEN,Wholesale,Piece,,PKR,554,537.38,16.620000000000005,0.03000000000000001,0.0309278350515464,True,WS-RATES:59:6
RS-002094,TEMPO 12 COLOUR HALF,PENCIL COLOR,Wholesale,Piece,,PKR,103,97.85,5.150000000000006,0.05000000000000006,0.05263157894736848,True,WS-RATES:59:7
RS-002095,PIANO 12 HALF COLOUR PENCIL,PENCIL COLOR,Wholesale,Piece,,PKR,110,104.5,5.5,0.05,0.05263157894736842,True,WS-RATES:59:8
RS-002096,PIANO PC 12 FULL COLOUR PENCI,PENCIL COLOR,Wholesale,Piece,,PKR,214,213,1,0.004672897196261682,0.004694835680751174,True,WS-RATES:59:9
RS-002097,DOLLAR 717i CRYSTAL,INK PEN,Wholesale,Piece,,PKR,590,572.3,17.700000000000045,0.03000000000000008,0.030927835051546473,True,WS-RATES:59:10
RS-002098,PIANO SMART HIGHLIGHTER,HIGHLIGHTER,Wholesale,Piece,,PKR,290,275.5,14.5,0.05,0.05263157894736842,True,WS-RATES:59:11
RS-002099,DOLLAR GLAM PEN,INK PEN,Wholesale,Piece,,PKR,446,432.62,13.379999999999995,0.02999999999999999,0.030927835051546382,True,WS-RATES:59:12
RS-002100,PIANO HIGHLIGHTER 10PCS,HIGHLIGHTER,Wholesale,Pack,10,PKR,480,456,24,0.05,0.05263157894736842,True,WS-RATES:59:13
RS-002101,DOLLAR BLISS PEN,INK PEN,Wholesale,Piece,,PKR,604,586,18,0.029801324503311258,0.030716723549488054,True,WS-RATES:59:14
RS-002102,PIANO CLASSIC GEL,GEL PEN,Wholesale,Piece,,PKR,445,423,22,0.04943820224719101,0.05200945626477541,True,WS-RATES:59:15
RS-002103,DOLLAR INK REMOVER,REMOVERS,Wholesale,Piece,,PKR,270,257,13,0.04814814814814815,0.05058365758754864,True,WS-RATES:59:16
RS-002104,PIANO NATION FINELINER,POINTER,Wholesale,Piece,,PKR,135,128,7,0.05185185185185185,0.0546875,True,WS-RATES:59:17
RS-002105,TEMPO CUT MARKER,CUT MARKERS,Wholesale,Piece,,PKR,94,87.4,6.599999999999994,0.07021276595744674,0.07551487414187635,True,WS-RATES:59:18
RS-002106,PIANO SILVER GEL PEN,BALL POINT,Wholesale,Piece,,PKR,535,508,27,0.05046728971962617,0.0531496062992126,True,WS-RATES:59:19
RS-002107,DOLLAR POINTER,POINTER,Wholesale,Piece,,PKR,236,228.92,7.0800000000000125,0.030000000000000054,0.03092783505154645,True,WS-RATES:59:20
RS-002108,PIANO GUM STICK 8G(BOX 12 PC),GUM STICK,Wholesale,Box,12,PKR,636,604.2,31.799999999999955,0.049999999999999926,0.05263157894736834,True,WS-RATES:59:21
RS-002109,DOLLAR POINTER ERASABLE,POINTER,Wholesale,Piece,,PKR,216,209.52,6.47999999999999,0.029999999999999954,0.03092783505154634,True,WS-RATES:59:22
RS-002110,PIANO GOLD GEL PEN,BALL POINT,Wholesale,Piece,,PKR,535,508,27,0.05046728971962617,0.0531496062992126,True,WS-RATES:59:23
RS-002111,PIANO GUM STICK 8 G(1 PC),GUM STICK,Individual,Piece,1,PKR,53,50.35,2.6499999999999986,0.049999999999999975,0.05263157894736839,True,WS-RATES:59:24
RS-002112,PIANO JELFLO,BALL POINT,Wholesale,Piece,,PKR,220,209,11,0.05,0.05263157894736842,True,WS-RATES:59:25
RS-002113,PIANO MARKER,MARKER,Wholesale,Piece,,PKR,115,109.25,5.75,0.05,0.05263157894736842,True,WS-RATES:59:26
RS-002114,PIANO SUPER GEL,GEL PEN,Wholesale,Piece,,PKR,445,423,22,0.04943820224719101,0.05200945626477541,True,WS-RATES:59:27
RS-002115,DOLLAR GL2,GEL PEN,Wholesale,Piece,,PKR,359,348.23,10.769999999999982,0.02999999999999995,0.030927835051546337,True,WS-RATES:59:28
RS-002116,PIANO GLIGEL,GEL PEN,Wholesale,Piece,,PKR,240,228,12,0.05,0.05263157894736842,True,WS-RATES:59:29
RS-002117,PIANO FACTIS ERASER (WR 1) 14,ERASERS,Wholesale,Piece,,PKR,3168,3010,158,0.049873737373737376,0.05249169435215947,True,WS-RATES:59:30
RS-002118,TEMPO 12 COLOUR FULL,PENCIL COLOR,Wholesale,Piece,,PKR,183,173.85,9.150000000000006,0.05000000000000003,0.05263157894736845,True,WS-RATES:59:31
RS-002119,PIANO 12 FULL COLOUR,PENCIL COLOR,Wholesale,Piece,,PKR,190,180.5,9.5,0.05,0.05263157894736842,True,WS-RATES:59:32
RS-002120,PIANO CHILLI POP PENCIL,PENCILS,Wholesale,Piece,,PKR,170,161.5,8.5,0.05,0.05263157894736842,True,WS-RATES:59:33
RS-002121,PIANO BOARD MARKER(BOX),BOARD & PERMANENT,Wholesale,Box,,PKR,600,570,30,0.05,0.05263157894736842,True,WS-RATES:59:34
RS-002122,DOLLAR 12 COLOUR FULL,PENCIL COLOR,Wholesale,Piece,,PKR,257,249.29,7.710000000000008,0.03000000000000003,0.030927835051546424,True,WS-RATES:59:35
RS-002123,PIANO PERMANENT MARKER(BOX),BOARD & PERMANENT,Wholesale,Box,,PKR,538,511,27,0.05018587360594796,0.05283757338551859,True,WS-RATES:59:36
RS-002124,DOLLAR 12 COLOUR HALF,PENCIL COLOR,Wholesale,Piece,,PKR,164,159.2,4.800000000000011,0.029268292682926897,0.030150753768844296,True,WS-RATES:59:37
RS-002125,PIANO BOARD INK 15ML,BOARD INK,Wholesale,Piece,,PKR,74,71.78,2.219999999999999,0.029999999999999985,0.030927835051546376,True,WS-RATES:60:2
RS-002126,DOLLAR 12 DUAL COLOUR,PENCIL COLOR,Wholesale,Piece,,PKR,277,268.69,8.310000000000002,0.03000000000000001,0.0309278350515464,True,WS-RATES:60:3
RS-002127,PIANO BOARD INK 15ML (BOX),BOARD INK,Wholesale,Box,,PKR,888,843.6,44.39999999999998,0.049999999999999975,0.05263157894736839,True,WS-RATES:60:4
RS-002128,DOLLAR 6 DUAL COLOUR,PENCIL COLOR,Wholesale,Piece,,PKR,144,139.8,4.199999999999989,0.029166666666666587,0.03004291845493554,True,WS-RATES:60:5
RS-002129,PIANO POINT .8,BALL POINT,Wholesale,Piece,,PKR,160,152,8,0.05,0.05263157894736842,True,WS-RATES:60:6
RS-002130,DOLLAR MY PENCIL 456 JAR,PENCIL JAR,Wholesale,Jar,,PKR,340,324.72,15.279999999999973,0.04494117647058816,0.04705592510470551,True,WS-RATES:60:7
RS-002131,PIANO FINELINER 50,POINTER,Wholesale,Piece,,PKR,223,212,11,0.04932735426008968,0.05188679245283019,True,WS-RATES:60:8
RS-002132,DOLLAR MY PENCIL 222 JAR,PENCIL JAR,Wholesale,Jar,,PKR,370,352,18,0.04864864864864865,0.05113636363636364,True,WS-RATES:60:9
RS-002133,PIANO SMART BOARD MARKER,BOARD & PERMANENT,Wholesale,Piece,,PKR,270,256.5,13.5,0.05,0.05263157894736842,True,WS-RATES:60:10
RS-002134,DOLLAR MY PENCIL 111,PENCILS,Wholesale,Piece,,PKR,160,152,8,0.05,0.05263157894736842,True,WS-RATES:60:11
RS-002135,PIANO POINTER,POINTER,Wholesale,Piece,,PKR,207,197,10,0.04830917874396135,0.050761421319796954,True,WS-RATES:60:12
RS-002136,DOLLAR MY PENCIL 456,PENCILS,Wholesale,Piece,,PKR,167,150,17,0.10179640718562874,0.11333333333333333,True,WS-RATES:60:13
RS-002137,PIANO GRACE,BALL POINT,Wholesale,Piece,,PKR,133,126,7,0.05263157894736842,0.05555555555555555,True,WS-RATES:60:14
RS-002138,DOLLAR MY PENCIL 222,PENCILS,Wholesale,Piece,,PKR,182,173,9,0.04945054945054945,0.05202312138728324,True,WS-RATES:60:15
RS-002139,DOLLAR 555 PENCIL,PENCILS,Wholesale,Piece,,PKR,186,176,10,0.053763440860215055,0.056818181818181816,True,WS-RATES:60:16
RS-002140,PIANO CLICK SKY,BALL POINT,Wholesale,Piece,,PKR,110,105,5,0.045454545454545456,0.047619047619047616,True,WS-RATES:60:17
RS-002141,PIANO COMFORT ERASEABLE,POINTER,Wholesale,Piece,,PKR,220,209,11,0.05,0.05263157894736842,True,WS-RATES:60:18
RS-002142,DOLLAR STAPLES PIN 24/6,STAPLER PIN,Wholesale,Piece,,PKR,545,528.65,16.350000000000023,0.03000000000000004,0.030927835051546435,True,WS-RATES:60:19
RS-002143,PIANO FLO,BALL POINT,Wholesale,Piece,,PKR,200,190,10,0.05,0.05263157894736842,True,WS-RATES:60:20
RS-002144,DOLLAR 10 NUM STAPLE PIN(BOX),STAPLER PIN,Wholesale,Box,,PKR,333,323,10,0.03003003003003003,0.030959752321981424,True,WS-RATES:60:21
RS-002145,PIANO PEELA,BALL POINT,Wholesale,Piece,,PKR,135,128,7,0.05185185185185185,0.0546875,True,WS-RATES:60:22
RS-002146,DOLLAR INK 60 ML (BOX),FOUNTAIN INK,Wholesale,Box,,PKR,641,621.77,19.230000000000018,0.030000000000000027,0.03092783505154642,True,WS-RATES:60:23
RS-002147,PIANO G5,BALL POINT,Wholesale,Piece,,PKR,115,109,6,0.05217391304347826,0.05504587155963303,True,WS-RATES:60:24
RS-002148,DOLLAR INK 30 ML (BOX),FOUNTAIN INK,Wholesale,Box,,PKR,441,427.77,13.230000000000018,0.03000000000000004,0.030927835051546435,True,WS-RATES:60:25
RS-002149,SOLO FINE,BALL POINT,Wholesale,Piece,,PKR,210,199.5,10.5,0.05,0.05263157894736842,True,WS-RATES:60:26
RS-002150,PIANO SILK BALL POINT,BALL POINT,Wholesale,Piece,,PKR,153,145,8,0.05228758169934641,0.05517241379310345,True,WS-RATES:60:27
RS-002151,PIANO COLOUR POINTERS,POINTER,Wholesale,Piece,,PKR,250,238,12,0.048,0.05042016806722689,True,WS-RATES:60:28
RS-002152,PRICE TAG COLOUR,CHINA,Wholesale,Piece,,PKR,320,290,30,0.09375,0.10344827586206896,True,WS-RATES:60:29
RS-002154,ECONO POINTER,POINTER,Wholesale,Piece,,PKR,154,149.38,4.6200000000000045,0.03000000000000003,0.030927835051546424,True,WS-RATES:60:31
RS-002155,CALCULATOR MA-9300M,SHOP CALCULATOR,Wholesale,Piece,,PKR,620,580,40,0.06451612903225806,0.06896551724137931,True,WS-RATES:60:32
RS-002156,CALCULATOR CT-9300G,SHOP CALCULATOR,Wholesale,Piece,,PKR,820,750,70,0.08536585365853659,0.09333333333333334,True,WS-RATES:60:33
RS-002157,CASIO fx-991 ES PLUS(FULL FUNC),SCIENTIFIC CALCULAT,Wholesale,Piece,,PKR,920,810,110,0.11956521739130435,0.13580246913580246,True,WS-RATES:60:34
RS-002158,MAZZ MA-82MS,SCIENTIFIC CALCULAT,Wholesale,Piece,,PKR,320,310,10,0.03125,0.03225806451612903,True,WS-RATES:60:35
RS-002159,CASIO fx-991 plus 2nd edition,SCIENTIFIC CALCULAT,Wholesale,Piece,,PKR,1280,1140,140,0.109375,0.12280701754385964,True,WS-RATES:60:36
RS-002160,CASIO fx-991 ES GREEN,SCIENTIFIC CALCULAT,Wholesale,Piece,,PKR,410,390,20,0.04878048780487805,0.05128205128205128,True,WS-RATES:60:37
RS-002161,CALCULATOR CT-9914D,SHOP CALCULATOR,Wholesale,Piece,,PKR,990,920,70,0.0707070707070707,0.07608695652173914,True,WS-RATES:61:2
RS-002162,CALCULATOR CT-650M,SHOP CALCULATOR,Wholesale,Piece,,PKR,800,760,40,0.05,0.05263157894736842,True,WS-RATES:61:3
RS-002163,CASIO fx-991 EX 552 FUNCTION (),SCIENTIFIC CALCULAT,Wholesale,Piece,,PKR,1480,1280,200,0.13513513513513514,0.15625,True,WS-RATES:61:4
RS-002164,CALCULATOR CT-860L,SHOP CALCULATOR,Wholesale,Piece,,PKR,890,850,40,0.0449438202247191,0.047058823529411764,True,WS-RATES:61:5
RS-002165,CASIO fx-991 ES PLUS 2 line,SCIENTIFIC CALCULAT,Wholesale,Piece,,PKR,1460,1300,160,0.1095890410958904,0.12307692307692308,True,WS-RATES:61:6
RS-002166,CALCULATOR CT-512VII,SHOP CALCULATOR,Wholesale,Piece,,PKR,350,295,55,0.15714285714285714,0.1864406779661017,True,WS-RATES:61:7
RS-002167,CTIFREE FX-991ES PLUS,SCIENTIFIC CALCULAT,Wholesale,Piece,,PKR,530,490,40,0.07547169811320754,0.08163265306122448,True,WS-RATES:61:8
RS-002168,CALCULATOR MJ-120 T,SHOP CALCULATOR,Wholesale,Piece,,PKR,600,560,40,0.06666666666666667,0.07142857142857142,True,WS-RATES:61:9
RS-002169,POCKET CALCULATOR PATTA KC-8,SHOP CALCULATOR,Wholesale,Piece,,PKR,140,130,10,0.07142857142857142,0.07692307692307693,True,WS-RATES:61:10
RS-002170,GERMAN GLUE,GERMAN GLUE,Wholesale,Piece,,PKR,90,76,14,0.15555555555555556,0.18421052631578946,True,WS-RATE-LIST:3:33
RS-002171,GERMAN GLUE 60,GERMAN GLUE,Wholesale,Piece,,PKR,60,51,9,0.15,0.17647058823529413,True,WS-RATE-LIST:4:21
RS-002172,GERMAN GLUE 90,GERMAN GLUE,Wholesale,Piece,,PKR,90,76,14,0.15555555555555556,0.18421052631578946,True,WS-RATE-LIST:45:31
RS-002173,GLITTER PEN 6PCS,CHINA,Wholesale,Pack,6,PKR,160,140,20,0.125,0.14285714285714285,True,WS-RATE-LIST:36:11
RS-002174,ANDA WATER COLOUR L 802,WATER COLORS,Wholesale,Piece,,PKR,180,157,23,0.12777777777777777,0.1464968152866242,True,WS-RATE-LIST:45:17
RS-002175,CLIP BOARD LASANI 1 PCS,CLIP BOARD,Individual,Piece,1,PKR,35,29,6,0.17142857142857143,0.20689655172413793,True,WS-RATE-LIST:47:28
RS-002176,CLIP BOARD TRANSPERANT,CLIP BOARD,Wholesale,Piece,,PKR,190,160,30,0.15789473684210525,0.1875,True,WS-RATE-LIST:15:21
RS-002177,METAL CAR (12PCS) SMALL,CHINA,Wholesale,Pack,12,PKR,492,431,61,0.12398373983739837,0.14153132250580047,True,WS-RATE-LIST:2:29
RS-002178,BOX,FILE,Wholesale,Box,,PKR,320,288,32,0.1,0.1111111111111111,True,WS-RATE-LIST:51:32
RS-002179,BOX F,FILE,Wholesale,Box,,PKR,260,234,26,0.1,0.1111111111111111,True,WS-RATE-LIST:51:34
